,CBLOF,FeatureBagging,HBOS,IForest,KNN,AverageKNN,MCD,OCSVM,PCA
0,0.5972,0.6024,0.6099,0.6287,0.6142,0.6178,0.5718,0.6196,0.6275
1,0.6329,0.6294,0.6524,0.6594,0.6406,0.6394,0.6053,0.6547,0.6518
2,0.6015,0.6045,0.599,0.6119,0.6045,0.6045,0.5678,0.6198,0.6253
3,0.5775,0.5954,0.5998,0.6158,0.601,0.6072,0.5571,0.6022,0.6115
4,0.6097,0.6091,0.6049,0.6241,0.6139,0.6265,0.5863,0.6247,0.6295
5,0.5883,0.5957,0.6117,0.6222,0.6043,0.6056,0.566,0.608,0.6222
6,0.5909,0.5856,0.5952,0.6009,0.5877,0.5918,0.5589,0.6128,0.6178
7,0.61,0.6213,0.619,0.6118,0.6243,0.6237,0.5886,0.6297,0.6321
8,0.6084,0.6163,0.6217,0.6158,0.6181,0.6163,0.5744,0.6175,0.623
9,0.5953,0.5995,0.6093,0.6293,0.6013,0.6159,0.58,0.6202,0.6226
10,0.6138,0.6255,0.6237,0.6058,0.6319,0.6303,0.5868,0.619,0.6219
11,0.5774,0.5953,0.5969,0.5978,0.5941,0.5928,0.5637,0.6095,0.612
12,0.6002,0.5923,0.6063,0.6082,0.5899,0.6094,0.5561,0.6149,0.6216
13,0.5991,0.5991,0.6187,0.6205,0.5985,0.6101,0.569,0.6132,0.6229
14,0.6062,0.6158,0.611,0.6171,0.608,0.6205,0.5709,0.6165,0.611
15,0.6082,0.607,0.6197,0.6336,0.6125,0.6143,0.5683,0.6264,0.6282
16,0.6193,0.6203,0.6175,0.6223,0.6209,0.6229,0.5913,0.6354,0.6366
17,0.6157,0.6008,0.6175,0.6246,0.6115,0.6127,0.5925,0.6294,0.6258
18,0.6002,0.6012,0.5886,0.591,0.5988,0.6052,0.5621,0.6046,0.6144
19,0.5985,0.6026,0.5923,0.5936,0.6094,0.6164,0.5588,0.6072,0.6084
20,0.59,0.5832,0.6019,0.6199,0.5969,0.6,0.562,0.6112,0.6174
21,0.5963,0.6012,0.6062,0.6049,0.6012,0.6049,0.5667,0.6142,0.6099
22,0.5928,0.6033,0.5836,0.6046,0.5978,0.6046,0.5546,0.6027,0.6058
23,0.6089,0.6186,0.6089,0.6095,0.6186,0.615,0.5745,0.6192,0.6252
24,0.5995,0.615,0.6193,0.615,0.6032,0.6046,0.5717,0.6181,0.6193
25,0.5936,0.593,0.6102,0.593,0.6127,0.6164,0.5665,0.6131,0.6201
26,0.5943,0.603,0.6023,0.5993,0.5986,0.603,0.5573,0.603,0.6021
27,0.5848,0.5973,0.596,0.596,0.6016,0.6041,0.553,0.6029,0.6097
28,0.6381,0.6392,0.6398,0.6381,0.6392,0.6343,0.6065,0.6445,0.648
29,0.5826,0.6025,0.5895,0.6062,0.5901,0.5938,0.5586,0.6037,0.6074
30,0.6062,0.6104,0.6393,0.6188,0.6116,0.6267,0.5846,0.6267,0.6321
31,0.617,0.6103,0.6312,0.626,0.626,0.6272,0.5929,0.632,0.6404
32,0.5944,0.5968,0.6005,0.6084,0.5999,0.5999,0.5718,0.6219,0.6286
33,0.6084,0.606,0.6041,0.609,0.6133,0.6133,0.5728,0.6157,0.6255
34,0.5934,0.5983,0.6096,0.6262,0.6053,0.608,0.5722,0.6165,0.628
35,0.5797,0.5885,0.5886,0.6273,0.6035,0.6033,0.556,0.6035,0.6066
36,0.5999,0.6102,0.606,0.606,0.6072,0.6145,0.5786,0.6175,0.6197
37,0.6004,0.612,0.6133,0.6219,0.6059,0.6041,0.5678,0.6163,0.6194
38,0.6105,0.6213,0.6123,0.6334,0.6241,0.6289,0.5882,0.6285,0.6291
39,0.5985,0.6112,0.6152,0.6173,0.6119,0.6137,0.5786,0.61,0.6191
40,0.6165,0.6243,0.6278,0.6243,0.6264,0.638,0.5926,0.6404,0.6398
41,0.613,0.6266,0.629,0.6272,0.629,0.6338,0.5933,0.6344,0.6445
42,0.6137,0.6119,0.6174,0.6266,0.6094,0.6174,0.5868,0.6211,0.6252
43,0.6068,0.6105,0.6056,0.6224,0.6159,0.622,0.5806,0.6184,0.6226
44,0.613,0.5937,0.6317,0.6209,0.61,0.6209,0.5817,0.6317,0.6305
45,0.6159,0.611,0.6244,0.6274,0.6238,0.6244,0.5921,0.6402,0.6439
46,0.5959,0.5953,0.6033,0.6231,0.5975,0.6076,0.5676,0.6148,0.6151
47,0.5931,0.5925,0.5981,0.5875,0.595,0.5887,0.5514,0.605,0.6107
48,0.6186,0.6235,0.6162,0.6326,0.6338,0.6416,0.5969,0.6332,0.632
49,0.6233,0.6164,0.6209,0.627,0.6209,0.6298,0.582,0.6233,0.6337
50,0.5996,0.61,0.613,0.6215,0.6069,0.61,0.5832,0.6191,0.6245
51,0.5993,0.6152,0.6213,0.6146,0.615,0.6152,0.5803,0.6303,0.633
52,0.6034,0.6053,0.6071,0.6126,0.6077,0.6157,0.5747,0.6144,0.6163
53,0.6209,0.6221,0.6209,0.6414,0.6288,0.6258,0.5957,0.6306,0.6444
54,0.5963,0.5957,0.5994,0.646,0.5988,0.6118,0.5615,0.6149,0.6199
55,0.6146,0.6231,0.6303,0.6319,0.6279,0.6333,0.5901,0.638,0.6363
56,0.6038,0.6001,0.6081,0.602,0.6106,0.6124,0.5676,0.6162,0.6204
57,0.6107,0.6203,0.6273,0.6461,0.6149,0.6227,0.5891,0.6335,0.6437
58,0.606,0.606,0.6215,0.6332,0.6104,0.6165,0.5703,0.6252,0.6264
59,0.6183,0.6177,0.6311,0.6329,0.6232,0.6286,0.5953,0.6335,0.6347
60,0.5843,0.5861,0.607,0.5941,0.5966,0.6009,0.5604,0.6082,0.6186
61,0.6111,0.6153,0.6326,0.6177,0.6207,0.6308,0.5818,0.6254,0.6332
62,0.5794,0.5825,0.5931,0.5962,0.5825,0.5962,0.5412,0.5931,0.5962
63,0.617,0.6182,0.626,0.6467,0.6342,0.6289,0.5849,0.6312,0.6318
64,0.599,0.6086,0.6146,0.6272,0.6074,0.6128,0.5757,0.6236,0.6266
65,0.5905,0.5973,0.6125,0.6214,0.6041,0.6072,0.5582,0.6115,0.6109
66,0.5784,0.5976,0.5772,0.6014,0.5865,0.6036,0.5518,0.6001,0.6001
67,0.5961,0.6016,0.604,0.5906,0.6095,0.6221,0.5638,0.6174,0.619
68,0.5933,0.5963,0.6073,0.6067,0.6018,0.5994,0.5665,0.6183,0.6232
69,0.583,0.5984,0.6027,0.5996,0.5904,0.6009,0.5527,0.5972,0.6015
70,0.6056,0.5971,0.605,0.605,0.6105,0.6123,0.5685,0.6166,0.6121
71,0.6109,0.6097,0.6236,0.6205,0.6211,0.6175,0.5819,0.6254,0.636
72,0.5864,0.5956,0.5919,0.5993,0.5956,0.6103,0.5631,0.6023,0.6091
73,0.5792,0.5978,0.5934,0.5978,0.6019,0.6077,0.5526,0.6052,0.6033
74,0.5935,0.5972,0.6009,0.6076,0.5917,0.5984,0.5652,0.6179,0.6277
75,0.6108,0.624,0.6234,0.6347,0.6174,0.6353,0.5858,0.6251,0.6269
76,0.5908,0.5877,0.5951,0.592,0.5908,0.6001,0.5529,0.597,0.6057
77,0.5913,0.5858,0.5876,0.5777,0.5957,0.6105,0.5527,0.5988,0.605
78,0.5923,0.5929,0.5929,0.6016,0.5908,0.6103,0.5551,0.5942,0.5973
79,0.6065,0.6034,0.6174,0.6333,0.6162,0.6138,0.5711,0.6138,0.6272
80,0.5988,0.5927,0.6098,0.6189,0.6018,0.6,0.5726,0.6183,0.6256
81,0.6037,0.6205,0.6109,0.6283,0.6181,0.6203,0.5785,0.6193,0.6205
82,0.6041,0.6089,0.6051,0.6168,0.6133,0.615,0.5709,0.6204,0.627
83,0.599,0.5978,0.5971,0.6058,0.6058,0.604,0.5618,0.6071,0.6027
84,0.5926,0.6059,0.6107,0.6301,0.6228,0.6186,0.5775,0.626,0.6252
85,0.6065,0.6053,0.6041,0.592,0.5981,0.5981,0.5769,0.6138,0.6105
86,0.5752,0.602,0.599,0.6138,0.5914,0.5989,0.551,0.5995,0.6076
87,0.601,0.6105,0.6105,0.6099,0.6069,0.6117,0.5723,0.6195,0.6195
88,0.6179,0.6272,0.6143,0.631,0.6286,0.6321,0.5903,0.6274,0.6262
89,0.6074,0.6019,0.6086,0.5983,0.6041,0.6211,0.5735,0.6189,0.6152
90,0.5839,0.5965,0.6077,0.6046,0.5949,0.6004,0.5612,0.6001,0.6064
91,0.5981,0.606,0.5962,0.5956,0.5974,0.6139,0.5591,0.6127,0.6127
92,0.599,0.6092,0.617,0.6297,0.6146,0.6194,0.572,0.6176,0.6267
93,0.5828,0.5968,0.5803,0.6144,0.5949,0.6032,0.5505,0.5983,0.5989
94,0.5907,0.6029,0.6112,0.6188,0.5999,0.6066,0.5577,0.6121,0.62
95,0.5956,0.5977,0.6221,0.6166,0.594,0.6074,0.5714,0.6194,0.6221
96,0.5976,0.6043,0.597,0.5945,0.5976,0.6049,0.5695,0.6201,0.6177
97,0.6068,0.6086,0.6123,0.6169,0.6147,0.6147,0.5728,0.6189,0.6189
98,0.6132,0.632,0.629,0.629,0.6339,0.6396,0.5938,0.6355,0.6455
99,0.6062,0.6188,0.6212,0.6228,0.6152,0.6158,0.5781,0.629,0.6349
100,0.5886,0.6004,0.5991,0.6072,0.596,0.6041,0.5581,0.6184,0.614
101,0.5908,0.5999,0.6047,0.6053,0.6174,0.618,0.5811,0.6235,0.6308
102,0.6056,0.6212,0.6339,0.6255,0.6188,0.6321,0.5894,0.6291,0.6354
103,0.5993,0.616,0.6001,0.5971,0.6056,0.6185,0.5585,0.6173,0.6203
104,0.597,0.5901,0.6057,0.6176,0.5901,0.592,0.5552,0.6042,0.6188
105,0.6132,0.6181,0.6023,0.612,0.6096,0.6132,0.5689,0.6205,0.629
106,0.5965,0.6024,0.599,0.6042,0.5912,0.6089,0.5651,0.6104,0.6179
107,0.5909,0.5977,0.6044,0.6106,0.5933,0.6156,0.5609,0.6082,0.623
108,0.6021,0.5982,0.618,0.6239,0.6147,0.6226,0.5835,0.6265,0.6275
109,0.5935,0.6039,0.6046,0.6283,0.6119,0.6199,0.5701,0.6199,0.6322
110,0.6099,0.6243,0.6261,0.6225,0.6087,0.6207,0.5827,0.6237,0.6267
111,0.6013,0.6086,0.6053,0.6249,0.5941,0.6044,0.5572,0.6134,0.6231
112,0.5813,0.6028,0.6145,0.5991,0.6053,0.6071,0.5672,0.6151,0.6212
113,0.5904,0.5879,0.5929,0.6165,0.5923,0.601,0.55,0.6109,0.6109
114,0.6058,0.6028,0.6131,0.6052,0.6107,0.6295,0.5785,0.6252,0.6313
115,0.6041,0.6108,0.6175,0.623,0.6297,0.623,0.5773,0.6236,0.6255
116,0.6075,0.6038,0.6104,0.623,0.618,0.6162,0.563,0.6131,0.6218
117,0.5985,0.5998,0.6225,0.6232,0.6071,0.625,0.5825,0.6201,0.6238
118,0.6292,0.6304,0.6166,0.6292,0.6388,0.64,0.5933,0.64,0.6328
119,0.5998,0.6068,0.6222,0.624,0.618,0.618,0.5743,0.6161,0.6246
120,0.5884,0.5977,0.5909,0.5816,0.6149,0.6205,0.5582,0.6081,0.6118
121,0.613,0.6098,0.6351,0.6154,0.6178,0.6208,0.5891,0.6333,0.6321
122,0.6127,0.6157,0.6187,0.6088,0.6042,0.6145,0.5859,0.6236,0.6284
123,0.6087,0.6136,0.6236,0.633,0.6142,0.6306,0.5918,0.6298,0.6343
124,0.5979,0.5998,0.5954,0.5905,0.5967,0.5948,0.5584,0.6016,0.6096
125,0.5916,0.5861,0.6101,0.6107,0.5972,0.6015,0.5676,0.6101,0.6157
126,0.6128,0.6074,0.6308,0.631,0.605,0.6165,0.582,0.631,0.6352
127,0.5998,0.5886,0.5935,0.6259,0.6033,0.61,0.5605,0.607,0.61
128,0.5928,0.6106,0.6063,0.6124,0.6032,0.6106,0.5762,0.6278,0.6241
129,0.5811,0.5836,0.5981,0.6,0.5925,0.5887,0.5541,0.5975,0.5994
130,0.5838,0.5934,0.5965,0.5959,0.5984,0.6096,0.5486,0.5934,0.5946
131,0.615,0.6144,0.6168,0.636,0.627,0.6228,0.5886,0.6324,0.636
132,0.6061,0.6073,0.617,0.6308,0.6049,0.6079,0.5821,0.6314,0.6392
133,0.5862,0.5922,0.575,0.6061,0.5955,0.5968,0.5507,0.6061,0.6117
134,0.6044,0.6044,0.5995,0.6165,0.6086,0.6177,0.5774,0.6104,0.6208
135,0.5866,0.5878,0.6001,0.5995,0.5952,0.6001,0.5601,0.6137,0.6051
136,0.6163,0.6169,0.6175,0.6235,0.6271,0.6371,0.5925,0.6289,0.6289
137,0.5954,0.5954,0.5933,0.6094,0.5954,0.6051,0.5673,0.6234,0.624
138,0.6151,0.6246,0.6216,0.6467,0.6238,0.6274,0.5941,0.6294,0.6306
139,0.6159,0.6232,0.6099,0.6322,0.6165,0.6232,0.5882,0.6335,0.6359
140,0.5945,0.6,0.6055,0.5926,0.6055,0.608,0.5594,0.6055,0.5985
141,0.6058,0.6085,0.6142,0.6442,0.6136,0.6202,0.5811,0.6214,0.6256
142,0.6028,0.6144,0.6174,0.6294,0.6236,0.6278,0.5717,0.6181,0.6266
143,0.5884,0.5952,0.5989,0.6063,0.5927,0.6014,0.5678,0.6063,0.6131
144,0.6023,0.5968,0.6208,0.6134,0.6073,0.603,0.5716,0.6146,0.6202
145,0.5929,0.6164,0.6122,0.6182,0.617,0.6188,0.5766,0.6164,0.6194
146,0.6081,0.6166,0.613,0.6324,0.6215,0.6312,0.5741,0.6219,0.633
147,0.6009,0.6015,0.5984,0.6002,0.6094,0.6159,0.5685,0.61,0.6174
148,0.6027,0.5993,0.6029,0.5987,0.5907,0.6036,0.5674,0.6207,0.6268
149,0.5787,0.5806,0.5901,0.5844,0.5863,0.5957,0.5453,0.5894,0.5957
150,0.5942,0.6034,0.6163,0.6197,0.6028,0.6151,0.5685,0.6151,0.6248
151,0.5947,0.5892,0.5935,0.6039,0.599,0.6046,0.5597,0.6064,0.6121
152,0.6052,0.6186,0.6186,0.6337,0.6186,0.6095,0.5655,0.6159,0.6198
153,0.5739,0.5827,0.5827,0.5758,0.5877,0.5927,0.5426,0.5871,0.5896
154,0.5894,0.6159,0.6128,0.5973,0.6023,0.6152,0.5581,0.6085,0.6165
155,0.5851,0.5968,0.5925,0.5943,0.6011,0.6097,0.5684,0.603,0.5974
156,0.5815,0.5995,0.6038,0.6187,0.5949,0.5995,0.5592,0.6088,0.6045
157,0.5851,0.6011,0.6128,0.603,0.6017,0.5937,0.5635,0.6036,0.6128
158,0.5607,0.5639,0.5639,0.5711,0.5773,0.5814,0.5178,0.5795,0.5747
159,0.6052,0.6058,0.6125,0.6064,0.6125,0.6174,0.5684,0.6168,0.6168
160,0.607,0.6052,0.6125,0.6027,0.616,0.6125,0.5714,0.6184,0.6162
161,0.6177,0.6153,0.6303,0.6466,0.6285,0.6315,0.5972,0.6424,0.649
162,0.6077,0.6119,0.6201,0.6372,0.6221,0.6324,0.5909,0.6282,0.6348
163,0.6184,0.619,0.6208,0.6281,0.6233,0.6245,0.5796,0.6309,0.6354
164,0.6063,0.5983,0.6119,0.6063,0.6088,0.6199,0.5735,0.6125,0.6218
165,0.6107,0.6113,0.6113,0.6343,0.6198,0.6204,0.5733,0.6313,0.6391
166,0.6046,0.6133,0.6127,0.6096,0.6128,0.6313,0.5611,0.6151,0.6176
167,0.6069,0.6021,0.6289,0.6118,0.6161,0.6256,0.5771,0.6274,0.6332
168,0.5988,0.6054,0.6239,0.6349,0.6133,0.5994,0.5793,0.6283,0.6349
169,0.6079,0.6006,0.6236,0.6236,0.6127,0.6139,0.5873,0.6303,0.6339
170,0.6112,0.6226,0.6208,0.6148,0.623,0.6218,0.5895,0.632,0.6316
171,0.6258,0.6142,0.6239,0.6403,0.6197,0.6252,0.5735,0.6215,0.6245
172,0.6077,0.6071,0.6171,0.6372,0.6212,0.6188,0.582,0.6219,0.6354
173,0.6122,0.6165,0.6102,0.6159,0.6159,0.6292,0.5829,0.6305,0.6347
174,0.5911,0.5948,0.6159,0.6234,0.6016,0.5973,0.569,0.6209,0.619
175,0.6199,0.6205,0.6192,0.6259,0.6259,0.6265,0.5884,0.6308,0.6277
176,0.5952,0.6038,0.6072,0.6117,0.6117,0.6142,0.572,0.6215,0.6203
177,0.5941,0.5922,0.6144,0.6089,0.607,0.6188,0.5722,0.6194,0.6231
178,0.6168,0.6217,0.6138,0.6332,0.6277,0.6265,0.5896,0.6229,0.6235
179,0.6075,0.6011,0.5958,0.6235,0.605,0.6069,0.5633,0.6171,0.6247
180,0.5556,0.5663,0.5825,0.5804,0.5512,0.562,0.5599,0.5771,0.5761
181,0.5285,0.5307,0.5385,0.5408,0.5229,0.528,0.524,0.5307,0.5385
182,0.5482,0.5548,0.5637,0.5559,0.5504,0.5449,0.5437,0.5526,0.5681
183,0.5451,0.5407,0.5461,0.5494,0.5364,0.5429,0.519,0.5483,0.5581
184,0.5571,0.5442,0.5625,0.5685,0.5611,0.5485,0.5453,0.5614,0.5754
185,0.5354,0.5299,0.5509,0.5597,0.542,0.5387,0.5376,0.5442,0.5592
186,0.5511,0.5367,0.5628,0.5511,0.5489,0.5578,0.5478,0.5539,0.5678
187,0.5433,0.5467,0.56,0.5544,0.5444,0.5456,0.5222,0.5489,0.5622
188,0.5371,0.5258,0.5449,0.5573,0.5393,0.5393,0.5247,0.5483,0.5596
189,0.5553,0.5408,0.5654,0.5575,0.5497,0.5598,0.5464,0.5587,0.5575
190,0.5622,0.5479,0.5611,0.5545,0.5545,0.5512,0.5479,0.5556,0.56
191,0.5442,0.543,0.5673,0.5453,0.5541,0.5486,0.5353,0.5464,0.5508
192,0.5445,0.5434,0.5697,0.562,0.5412,0.5488,0.539,0.5565,0.567
193,0.5602,0.5315,0.5646,0.5536,0.5525,0.5481,0.5304,0.5558,0.5591
194,0.5527,0.5549,0.5714,0.5505,0.5604,0.5516,0.5451,0.5516,0.5589
195,0.553,0.5444,0.5682,0.5714,0.5541,0.5693,0.566,0.5639,0.566
196,0.5412,0.5456,0.5631,0.5598,0.5445,0.5499,0.5302,0.5598,0.5752
197,0.516,0.54,0.5377,0.5445,0.5297,0.5263,0.5068,0.5377,0.5468
198,0.5205,0.5285,0.5696,0.5468,0.5354,0.54,0.5263,0.5411,0.5514
199,0.56,0.5444,0.5741,0.5714,0.5524,0.5503,0.5524,0.5665,0.5676
200,0.5212,0.5301,0.529,0.5468,0.5312,0.5234,0.5278,0.5423,0.5546
201,0.5689,0.5678,0.5857,0.5762,0.5752,0.5836,0.5762,0.5804,0.5857
202,0.5333,0.5316,0.5438,0.5505,0.5405,0.5305,0.5261,0.5461,0.5556
203,0.5585,0.5541,0.5717,0.5651,0.5596,0.5552,0.5453,0.5596,0.5585
204,0.5492,0.5274,0.5405,0.5405,0.5372,0.5252,0.5241,0.5525,0.5492
205,0.5227,0.5349,0.566,0.5537,0.5426,0.5504,0.5282,0.5592,0.5703
206,0.5475,0.5421,0.565,0.565,0.5464,0.5399,0.5443,0.565,0.5624
207,0.5476,0.5492,0.5547,0.547,0.5536,0.5525,0.5359,0.5514,0.5514
208,0.5451,0.5462,0.556,0.5648,0.5538,0.5527,0.5363,0.5604,0.5648
209,0.5419,0.5507,0.5407,0.5529,0.5441,0.5463,0.5374,0.5463,0.5496
210,0.5387,0.5474,0.5616,0.554,0.5453,0.548,0.536,0.5649,0.566
211,0.5639,0.5547,0.5703,0.566,0.5747,0.5639,0.553,0.566,0.566
212,0.5282,0.5282,0.5474,0.5576,0.535,0.5293,0.5293,0.544,0.553
213,0.5292,0.5326,0.5404,0.5382,0.5208,0.5315,0.5225,0.5343,0.5427
214,0.5549,0.5352,0.5538,0.5538,0.5495,0.5473,0.5451,0.5484,0.5527
215,0.555,0.556,0.568,0.5702,0.5473,0.5528,0.5473,0.5658,0.5626
216,0.5442,0.5517,0.555,0.5614,0.5496,0.5485,0.5409,0.5485,0.5593
217,0.5696,0.57,0.5793,0.5905,0.57,0.5733,0.5765,0.5859,0.5938
218,0.549,0.5512,0.569,0.5557,0.5546,0.5557,0.5223,0.5601,0.559
219,0.5409,0.5476,0.5774,0.5575,0.5409,0.5365,0.5332,0.5531,0.5642
220,0.5545,0.5512,0.5743,0.5655,0.5556,0.5578,0.5479,0.5534,0.5699
221,0.542,0.5442,0.5476,0.5542,0.552,0.5442,0.5332,0.5548,0.5542
222,0.5464,0.543,0.547,0.5695,0.5397,0.5486,0.5331,0.5596,0.5596
223,0.5284,0.5455,0.5369,0.5539,0.5448,0.5482,0.5148,0.5414,0.5471
224,0.5346,0.5412,0.5576,0.562,0.5477,0.5488,0.5434,0.5554,0.5587
225,0.5403,0.5381,0.5657,0.5536,0.5403,0.5348,0.5425,0.5525,0.5613
226,0.5375,0.5396,0.5516,0.5537,0.5277,0.5299,0.5288,0.557,0.5624
227,0.5623,0.5452,0.5595,0.5672,0.5452,0.5485,0.5474,0.5573,0.5672
228,0.5607,0.5597,0.5716,0.5662,0.5716,0.5575,0.5412,0.5694,0.5813
229,0.5243,0.5186,0.5492,0.5446,0.522,0.522,0.5232,0.5525,0.5582
230,0.5652,0.5478,0.5848,0.5652,0.5663,0.5533,0.5435,0.5663,0.5772
231,0.559,0.573,0.5796,0.5665,0.5762,0.5676,0.5515,0.5719,0.5751
232,0.5606,0.5638,0.5702,0.5649,0.5681,0.5638,0.5691,0.5702,0.5745
233,0.5598,0.5576,0.5652,0.563,0.5609,0.5663,0.5522,0.5707,0.5685
234,0.546,0.5427,0.5678,0.5624,0.5525,0.5547,0.547,0.5602,0.5711
235,0.5429,0.5479,0.5692,0.5736,0.5473,0.5516,0.544,0.5703,0.5831
236,0.5475,0.5563,0.5667,0.5727,0.5683,0.5727,0.5454,0.5727,0.5716
237,0.5597,0.5526,0.5564,0.5652,0.5608,0.5542,0.5509,0.5641,0.5636
238,0.5647,0.5614,0.5787,0.5679,0.5674,0.5657,0.555,0.5787,0.5862
239,0.5422,0.5422,0.5739,0.5849,0.5487,0.5564,0.5411,0.5663,0.5805
240,0.4854,0.4737,0.5103,0.4912,0.4591,0.462,0.4766,0.4956,0.5029
241,0.5269,0.5411,0.5496,0.5467,0.5042,0.4958,0.5467,0.5411,0.5382
242,0.5272,0.5186,0.5215,0.5158,0.4828,0.4814,0.5129,0.5215,0.5186
243,0.4731,0.4866,0.5015,0.4955,0.4687,0.4657,0.4806,0.5104,0.5284
244,0.506,0.506,0.4731,0.482,0.482,0.485,0.503,0.503,0.494
245,0.4688,0.451,0.4599,0.4837,0.4451,0.451,0.4659,0.4896,0.4926
246,0.4596,0.4627,0.472,0.4627,0.4472,0.441,0.4472,0.4689,0.472
247,0.474,0.4648,0.4557,0.4801,0.4434,0.4526,0.4709,0.4954,0.4893
248,0.4819,0.4819,0.506,0.509,0.4518,0.4548,0.4789,0.494,0.509
249,0.4881,0.4494,0.4881,0.497,0.4673,0.4583,0.4911,0.5,0.494
250,0.4941,0.5207,0.5178,0.5059,0.5,0.4793,0.5,0.5178,0.5148
251,0.4824,0.4765,0.5088,0.5,0.4559,0.4676,0.4735,0.5,0.5088
252,0.4877,0.4969,0.4877,0.4939,0.5031,0.4755,0.4677,0.4847,0.4939
253,0.4925,0.4806,0.4866,0.4866,0.4687,0.4388,0.4925,0.4955,0.4746
254,0.51,0.5242,0.5328,0.5356,0.4957,0.4729,0.51,0.5328,0.5356
255,0.5119,0.5119,0.5,0.503,0.4911,0.4821,0.5,0.5089,0.4851
256,0.4955,0.4805,0.4895,0.4925,0.4595,0.4595,0.4895,0.5015,0.5075
257,0.4834,0.4804,0.4955,0.5136,0.4773,0.4683,0.4773,0.4985,0.4864
258,0.4925,0.4746,0.4836,0.5045,0.4567,0.4448,0.4776,0.4896,0.4985
259,0.5171,0.5143,0.5171,0.52,0.5114,0.4943,0.5114,0.5286,0.5314
260,0.4941,0.497,0.5089,0.503,0.4822,0.4586,0.4941,0.5148,0.5148
261,0.5182,0.5014,0.5126,0.5238,0.4986,0.4958,0.5042,0.5294,0.5098
262,0.4864,0.4924,0.4924,0.5196,0.4622,0.4743,0.5166,0.5106,0.5227
263,0.5181,0.5125,0.5292,0.532,0.5153,0.5181,0.5209,0.5292,0.5237
264,0.5151,0.4849,0.509,0.5,0.4849,0.4849,0.4819,0.509,0.512
265,0.4685,0.4895,0.5285,0.5105,0.4655,0.4535,0.5105,0.4955,0.5045
266,0.4783,0.472,0.5155,0.5062,0.4752,0.4689,0.4845,0.5248,0.5155
267,0.4606,0.4667,0.4636,0.4758,0.4424,0.4455,0.4485,0.4485,0.4727
268,0.4985,0.5,0.5133,0.5162,0.4838,0.4779,0.4897,0.4985,0.5103
269,0.4956,0.5015,0.5073,0.5103,0.4868,0.4751,0.4956,0.5103,0.5308
270,0.4573,0.4329,0.4726,0.4848,0.4299,0.4238,0.4604,0.4726,0.4878
271,0.4809,0.4751,0.5103,0.5073,0.45,0.4487,0.4839,0.5073,0.5161
272,0.509,0.488,0.5151,0.509,0.4849,0.4729,0.488,0.5361,0.5271
273,0.4688,0.4688,0.5252,0.5074,0.4718,0.457,0.4659,0.5015,0.5282
274,0.4556,0.4645,0.5059,0.4911,0.4645,0.4615,0.4675,0.4793,0.4911
275,0.5116,0.5231,0.5116,0.5145,0.4855,0.4827,0.4855,0.5101,0.5087
276,0.4844,0.4562,0.45,0.4719,0.4469,0.4094,0.4531,0.4719,0.45
277,0.5145,0.4971,0.5349,0.5436,0.4985,0.4913,0.5145,0.5436,0.5436
278,0.4945,0.5083,0.5359,0.5304,0.5125,0.5028,0.5083,0.5276,0.5442
279,0.5265,0.5,0.5353,0.5133,0.4882,0.4735,0.5353,0.5412,0.5294
280,0.4848,0.4726,0.5091,0.5366,0.4634,0.4543,0.4756,0.5061,0.5274
281,0.5099,0.4929,0.5439,0.5256,0.4844,0.4731,0.5042,0.5269,0.5326
282,0.5029,0.5,0.5,0.5,0.4897,0.4735,0.4971,0.5059,0.5
283,0.4925,0.5225,0.5075,0.5195,0.5,0.5015,0.4955,0.5045,0.4925
284,0.4986,0.5014,0.521,0.5266,0.4762,0.4706,0.4986,0.5294,0.5378
285,0.4928,0.4957,0.513,0.5187,0.4841,0.4841,0.5187,0.513,0.5159
286,0.479,0.485,0.512,0.5,0.482,0.476,0.506,0.506,0.506
287,0.5108,0.4985,0.5046,0.5062,0.4675,0.4551,0.483,0.5046,0.5046
288,0.509,0.503,0.479,0.5389,0.485,0.479,0.521,0.515,0.512
289,0.5,0.462,0.481,0.5143,0.4715,0.4494,0.4842,0.4937,0.5032
290,0.4941,0.4853,0.5382,0.5147,0.4706,0.4588,0.4882,0.5235,0.5294
291,0.4985,0.4685,0.5135,0.4925,0.4595,0.4655,0.4655,0.512,0.5105
292,0.4701,0.4731,0.485,0.488,0.4581,0.4461,0.509,0.485,0.476
293,0.4886,0.5099,0.5241,0.5156,0.4986,0.4674,0.5156,0.5284,0.5269
294,0.4763,0.4467,0.497,0.4911,0.4527,0.4467,0.4675,0.5089,0.5148
295,0.5,0.497,0.5183,0.5396,0.503,0.4878,0.5396,0.5305,0.5396
296,0.5014,0.4815,0.5071,0.5385,0.4815,0.4686,0.4971,0.5299,0.5229
297,0.52,0.5114,0.5486,0.56,0.4971,0.4886,0.5371,0.5543,0.5657
298,0.4853,0.4912,0.5118,0.4971,0.4529,0.4588,0.4971,0.5088,0.5118
299,0.5015,0.4683,0.5287,0.5076,0.4864,0.4743,0.4955,0.5166,0.5287
300,0.9996,0.9996,0.9996,0.9996,0.9996,0.9996,0.9996,0.9996,0.9996
301,0.9988,0.9988,0.9988,0.9988,0.9988,0.9988,0.9988,0.9988,0.9988
302,0.9988,0.9988,0.9988,0.9988,0.9988,0.9988,0.9988,0.9988,0.9988
303,0.9988,0.9988,0.9988,0.9988,0.9988,0.9988,0.9988,0.9988,0.9988
304,0.9988,0.9988,0.9988,0.9988,0.9988,0.9988,0.9988,0.9988,0.9988
305,0.9992,0.9992,0.9992,0.9992,0.9992,0.9992,0.9992,0.9992,0.9992
306,0.9988,0.9988,0.9988,0.9988,0.9988,0.9988,0.9988,0.9988,0.9988
307,0.9988,0.9988,0.9988,0.9988,0.9988,0.9988,0.9988,0.9988,0.9988
308,0.9992,0.9992,0.9992,0.9992,0.9992,0.9992,0.9992,0.9992,0.9992
309,0.9992,0.9992,0.9992,0.9992,0.9992,0.9992,0.9992,0.9992,0.9992
310,0.9988,0.9988,0.9988,0.9988,0.9988,0.9988,0.9988,0.9988,0.9988
311,0.9988,0.9988,0.9988,0.9988,0.9988,0.9988,0.9988,0.9988,0.9988
312,0.9988,0.9988,0.9988,0.9988,0.9988,0.9988,0.9988,0.9988,0.9988
313,0.9996,0.9996,0.9996,0.9996,0.9996,0.9996,0.9996,0.9996,0.9996
314,0.9992,0.9992,0.9992,0.9992,0.9992,0.9992,0.9992,0.9992,0.9992
315,0.9992,0.9992,0.9992,0.9992,0.9992,0.9992,0.9992,0.9992,0.9992
316,0.9992,0.9992,0.9992,0.9992,0.9992,0.9992,0.9992,0.9992,0.9992
317,0.9988,0.9988,0.9988,0.9988,0.9988,0.9988,0.9988,0.9988,0.9988
318,0.9992,0.9992,0.9992,0.9992,0.9992,0.9992,0.9992,0.9992,0.9992
319,0.9988,0.9988,0.9988,0.9988,0.9988,0.9988,0.9988,0.9988,0.9988
320,0.9992,0.9992,0.9992,0.9992,0.9992,0.9992,0.9992,0.9992,0.9992
321,0.9992,0.9992,0.9992,0.9992,0.9992,0.9992,0.9992,0.9992,0.9992
322,0.9988,0.9988,0.9988,0.9988,0.9988,0.9988,0.9988,0.9988,0.9988
323,0.9992,0.9992,0.9992,0.9992,0.9992,0.9992,0.9992,0.9992,0.9992
324,0.9992,0.9992,0.9992,0.9992,0.9992,0.9992,0.9992,0.9992,0.9992
325,0.9992,0.9992,0.9992,0.9992,0.9992,0.9992,0.9992,0.9992,0.9992
326,0.9988,0.9988,0.9988,0.9988,0.9988,0.9988,0.9988,0.9988,0.9988
327,0.9988,0.9988,0.9988,0.9988,0.9988,0.9988,0.9988,0.9988,0.9988
328,0.9992,0.9992,0.9992,0.9992,0.9992,0.9992,0.9992,0.9992,0.9992
329,0.9996,0.9996,0.9996,0.9996,0.9996,0.9996,0.9996,0.9996,0.9996
330,0.9992,0.9992,0.9992,0.9992,0.9992,0.9992,0.9992,0.9992,0.9992
331,0.9996,0.9996,0.9996,0.9996,0.9996,0.9996,0.9996,0.9996,0.9996
332,0.9988,0.9988,0.9988,0.9988,0.9988,0.9988,0.9988,0.9988,0.9988
333,0.9992,0.9992,0.9992,0.9992,0.9992,0.9992,0.9992,0.9992,0.9992
334,0.9988,0.9988,0.9988,0.9988,0.9988,0.9988,0.9988,0.9988,0.9988
335,0.9992,0.9992,0.9992,0.9992,0.9992,0.9992,0.9992,0.9992,0.9992
336,0.9992,0.9992,0.9992,0.9992,0.9992,0.9992,0.9992,0.9992,0.9992
337,0.9988,0.9988,0.9988,0.9988,0.9988,0.9988,0.9988,0.9988,0.9988
338,0.9988,0.9988,0.9988,0.9988,0.9988,0.9988,0.9988,0.9988,0.9988
339,0.9988,0.9988,0.9988,0.9988,0.9988,0.9988,0.9988,0.9988,0.9988
340,0.9992,0.9992,0.9992,0.9992,0.9992,0.9992,0.9992,0.9992,0.9992
341,0.9988,0.9988,0.9988,0.9988,0.9988,0.9988,0.9988,0.9988,0.9988
342,0.9988,0.9988,0.9988,0.9988,0.9988,0.9988,0.9988,0.9988,0.9988
343,0.9992,0.9992,0.9992,0.9992,0.9992,0.9992,0.9992,0.9992,0.9992
344,0.9992,0.9992,0.9992,0.9992,0.9992,0.9992,0.9992,0.9992,0.9992
345,0.9992,0.9992,0.9992,0.9992,0.9992,0.9992,0.9992,0.9992,0.9992
346,0.9988,0.9988,0.9988,0.9988,0.9988,0.9988,0.9988,0.9988,0.9988
347,0.9988,0.9988,0.9988,0.9988,0.9988,0.9988,0.9988,0.9988,0.9988
348,0.9992,0.9992,0.9992,0.9992,0.9992,0.9992,0.9992,0.9992,0.9992
349,0.9988,0.9988,0.9988,0.9988,0.9988,0.9988,0.9988,0.9988,0.9988
350,0.9988,0.9988,0.9988,0.9988,0.9988,0.9988,0.9988,0.9988,0.9988
351,0.9992,0.9992,0.9992,0.9992,0.9992,0.9992,0.9992,0.9992,0.9992
352,0.9988,0.9988,0.9988,0.9988,0.9988,0.9988,0.9988,0.9988,0.9988
353,0.9988,0.9988,0.9988,0.9988,0.9988,0.9988,0.9988,0.9988,0.9988
354,0.9996,0.9996,0.9996,0.9996,0.9996,0.9996,0.9996,0.9996,0.9996
355,0.9992,0.9992,0.9992,0.9992,0.9992,0.9992,0.9992,0.9992,0.9992
356,0.9992,0.9992,0.9992,0.9992,0.9992,0.9992,0.9992,0.9992,0.9992
357,0.9992,0.9992,0.9992,0.9992,0.9992,0.9992,0.9992,0.9992,0.9992
358,0.9988,0.9988,0.9988,0.9988,0.9988,0.9988,0.9988,0.9988,0.9988
359,0.9992,0.9992,0.9992,0.9992,0.9992,0.9992,0.9992,0.9992,0.9992
360,0.9992,0.9992,0.9992,0.9992,0.9992,0.9992,0.9992,0.9992,0.9992
361,0.9988,0.9988,0.9988,0.9988,0.9988,0.9988,0.9988,0.9988,0.9988
362,0.9988,0.9988,0.9988,0.9988,0.9988,0.9988,0.9988,0.9988,0.9988
363,0.9988,0.9988,0.9988,0.9988,0.9988,0.9988,0.9988,0.9988,0.9988
364,0.9992,0.9992,0.9992,0.9992,0.9992,0.9992,0.9992,0.9992,0.9992
365,0.9988,0.9988,0.9988,0.9988,0.9988,0.9988,0.9988,0.9988,0.9988
366,0.9992,0.9992,0.9992,0.9992,0.9992,0.9992,0.9992,0.9992,0.9992
367,0.9992,0.9992,0.9992,0.9992,0.9992,0.9992,0.9992,0.9992,0.9992
368,0.9992,0.9992,0.9992,0.9992,0.9992,0.9992,0.9992,0.9992,0.9992
369,0.9988,0.9988,0.9988,0.9988,0.9988,0.9988,0.9988,0.9988,0.9988
370,0.9988,0.9988,0.9988,0.9988,0.9988,0.9988,0.9988,0.9988,0.9988
371,0.9992,0.9992,0.9992,0.9992,0.9992,0.9992,0.9992,0.9992,0.9992
372,0.9988,0.9988,0.9988,0.9988,0.9988,0.9988,0.9988,0.9988,0.9988
373,0.9992,0.9992,0.9992,0.9992,0.9992,0.9992,0.9992,0.9992,0.9992
374,0.9992,0.9992,0.9992,0.9992,0.9992,0.9992,0.9992,0.9992,0.9992
375,0.9996,0.9996,0.9996,0.9996,0.9996,0.9996,0.9996,0.9996,0.9996
376,0.9988,0.9988,0.9988,0.9988,0.9988,0.9988,0.9988,0.9988,0.9988
377,0.9988,0.9988,0.9988,0.9988,0.9988,0.9988,0.9988,0.9988,0.9988
378,0.9988,0.9988,0.9988,0.9988,0.9988,0.9988,0.9988,0.9988,0.9988
379,0.9992,0.9992,0.9992,0.9992,0.9992,0.9992,0.9992,0.9992,0.9992
380,0.9992,0.9992,0.9992,0.9992,0.9992,0.9992,0.9992,0.9992,0.9992
381,0.9992,0.9992,0.9992,0.9992,0.9992,0.9992,0.9992,0.9992,0.9992
382,0.9992,0.9992,0.9992,0.9992,0.9992,0.9992,0.9992,0.9992,0.9992
383,0.9992,0.9992,0.9992,0.9992,0.9992,0.9992,0.9992,0.9992,0.9992
384,0.9992,0.9992,0.9992,0.9992,0.9992,0.9992,0.9992,0.9992,0.9992
385,0.9988,0.9988,0.9988,0.9988,0.9988,0.9988,0.9988,0.9988,0.9988
386,0.9988,0.9988,0.9988,0.9988,0.9988,0.9988,0.9988,0.9988,0.9988
387,0.9988,0.9988,0.9988,0.9988,0.9988,0.9988,0.9988,0.9988,0.9988
388,0.9988,0.9988,0.9988,0.9988,0.9988,0.9988,0.9988,0.9988,0.9988
389,0.9992,0.9992,0.9992,0.9992,0.9992,0.9992,0.9992,0.9992,0.9992
390,0.9992,0.9992,0.9992,0.9992,0.9992,0.9992,0.9992,0.9992,0.9992
391,0.9988,0.9988,0.9988,0.9988,0.9988,0.9988,0.9988,0.9988,0.9988
392,0.9988,0.9988,0.9988,0.9988,0.9988,0.9988,0.9988,0.9988,0.9988
393,0.9988,0.9988,0.9988,0.9988,0.9988,0.9988,0.9988,0.9988,0.9988
394,0.9996,0.9996,0.9996,0.9996,0.9996,0.9996,0.9996,0.9996,0.9996
395,0.9992,0.9992,0.9992,0.9992,0.9992,0.9992,0.9992,0.9992,0.9992
396,0.9988,0.9988,0.9988,0.9988,0.9988,0.9988,0.9988,0.9988,0.9988
397,0.9988,0.9988,0.9988,0.9988,0.9988,0.9988,0.9988,0.9988,0.9988
398,0.9988,0.9988,0.9988,0.9988,0.9988,0.9988,0.9988,0.9988,0.9988
399,0.9992,0.9992,0.9992,0.9992,0.9992,0.9992,0.9992,0.9992,0.9992
400,0.9992,0.9992,0.9992,0.9992,0.9992,0.9992,0.9992,0.9992,0.9992
401,0.9992,0.9992,0.9992,0.9992,0.9992,0.9992,0.9992,0.9992,0.9992
402,0.9988,0.9988,0.9988,0.9988,0.9988,0.9988,0.9988,0.9988,0.9988
403,0.9992,0.9992,0.9992,0.9992,0.9992,0.9992,0.9992,0.9992,0.9992
404,0.9988,0.9988,0.9988,0.9988,0.9988,0.9988,0.9988,0.9988,0.9988
405,0.9988,0.9988,0.9988,0.9988,0.9988,0.9988,0.9988,0.9988,0.9988
406,0.9992,0.9992,0.9992,0.9992,0.9992,0.9992,0.9992,0.9992,0.9992
407,0.9992,0.9992,0.9992,0.9992,0.9992,0.9992,0.9992,0.9992,0.9992
408,0.9988,0.9988,0.9988,0.9988,0.9988,0.9988,0.9988,0.9988,0.9988
409,0.9992,0.9992,0.9992,0.9992,0.9992,0.9992,0.9992,0.9992,0.9992
410,0.9992,0.9992,0.9992,0.9992,0.9992,0.9992,0.9992,0.9992,0.9992
411,0.9992,0.9992,0.9992,0.9992,0.9992,0.9992,0.9992,0.9992,0.9992
412,0.9992,0.9992,0.9992,0.9992,0.9992,0.9992,0.9992,0.9992,0.9992
413,0.9992,0.9992,0.9992,0.9992,0.9992,0.9992,0.9992,0.9992,0.9992
414,0.9988,0.9988,0.9988,0.9988,0.9988,0.9988,0.9988,0.9988,0.9988
415,0.9992,0.9992,0.9992,0.9992,0.9992,0.9992,0.9992,0.9992,0.9992
416,0.9988,0.9988,0.9988,0.9988,0.9988,0.9988,0.9988,0.9988,0.9988
417,0.9988,0.9988,0.9988,0.9988,0.9988,0.9988,0.9988,0.9988,0.9988
418,0.9992,0.9992,0.9992,0.9992,0.9992,0.9992,0.9992,0.9992,0.9992
419,0.9996,0.9996,0.9996,0.9996,0.9996,0.9996,0.9996,0.9996,0.9996
420,0.9986,0.9986,0.9986,0.9986,0.9986,0.9986,0.9986,0.9986,0.9986
421,0.9991,0.9991,0.9991,0.9991,0.9991,0.9991,0.9991,0.9991,0.9991
422,0.9986,0.9986,0.9986,0.9986,0.9986,0.9986,0.9986,0.9986,0.9986
423,0.9986,0.9986,0.9986,0.9986,0.9986,0.9986,0.9986,0.9986,0.9986
424,0.9986,0.9986,0.9986,0.9986,0.9986,0.9986,0.9986,0.9986,0.9986
425,0.9995,0.9995,0.9995,0.9995,0.9995,0.9995,0.9995,0.9995,0.9995
426,0.9991,0.9991,0.9991,0.9991,0.9991,0.9991,0.9991,0.9991,0.9991
427,0.9986,0.9986,0.9986,0.9986,0.9986,0.9986,0.9986,0.9986,0.9986
428,0.9991,0.9991,0.9991,0.9991,0.9991,0.9991,0.9991,0.9991,0.9991
429,0.9995,0.9995,0.9995,0.9995,0.9995,0.9995,0.9995,0.9995,0.9995
430,0.9991,0.9991,0.9991,0.9991,0.9991,0.9991,0.9991,0.9991,0.9991
431,0.9995,0.9995,0.9995,0.9995,0.9995,0.9995,0.9995,0.9995,0.9995
432,0.9986,0.9986,0.9986,0.9986,0.9986,0.9986,0.9986,0.9986,0.9986
433,0.9986,0.9986,0.9986,0.9986,0.9986,0.9986,0.9986,0.9986,0.9986
434,0.9991,0.9991,0.9991,0.9991,0.9991,0.9991,0.9991,0.9991,0.9991
435,0.9991,0.9991,0.9991,0.9991,0.9991,0.9991,0.9991,0.9991,0.9991
436,0.9991,0.9991,0.9991,0.9991,0.9991,0.9991,0.9991,0.9991,0.9991
437,0.9986,0.9986,0.9986,0.9986,0.9986,0.9986,0.9986,0.9986,0.9986
438,0.9986,0.9986,0.9986,0.9986,0.9986,0.9986,0.9986,0.9986,0.9986
439,0.9986,0.9986,0.9986,0.9986,0.9986,0.9986,0.9986,0.9986,0.9986
440,0.9991,0.9991,0.9991,0.9991,0.9991,0.9991,0.9991,0.9991,0.9991
441,0.999,0.999,0.999,0.999,0.999,0.999,0.999,0.999,0.999
442,0.9986,0.9986,0.9986,0.9986,0.9986,0.9986,0.9986,0.9986,0.9986
443,0.9995,0.9995,0.9995,0.9995,0.9995,0.9995,0.9995,0.9995,0.9995
444,0.9986,0.9986,0.9986,0.9986,0.9986,0.9986,0.9986,0.9986,0.9986
445,0.9986,0.9986,0.9986,0.9986,0.9986,0.9986,0.9986,0.9986,0.9986
446,0.9986,0.9986,0.9986,0.9986,0.9986,0.9986,0.9986,0.9986,0.9986
447,0.9986,0.9986,0.9986,0.9986,0.9986,0.9986,0.9986,0.9986,0.9986
448,0.9991,0.9991,0.9991,0.9991,0.9991,0.9991,0.9991,0.9991,0.9991
449,0.9986,0.9986,0.9986,0.9986,0.9986,0.9986,0.9986,0.9986,0.9986
450,0.9991,0.9991,0.9991,0.9991,0.9991,0.9991,0.9991,0.9991,0.9991
451,0.9991,0.9991,0.9991,0.9991,0.9991,0.9991,0.9991,0.9991,0.9991
452,0.9986,0.9986,0.9986,0.9986,0.9986,0.9986,0.9986,0.9986,0.9986
453,0.9986,0.9986,0.9986,0.9986,0.9986,0.9986,0.9986,0.9986,0.9986
454,0.9991,0.9991,0.9991,0.9991,0.9991,0.9991,0.9991,0.9991,0.9991
455,0.9991,0.9991,0.9991,0.9991,0.9991,0.9991,0.9991,0.9991,0.9991
456,0.9986,0.9986,0.9986,0.9986,0.9986,0.9986,0.9986,0.9986,0.9986
457,0.9986,0.9986,0.9986,0.9986,0.9986,0.9986,0.9986,0.9986,0.9986
458,0.9986,0.9986,0.9986,0.9986,0.9986,0.9986,0.9986,0.9986,0.9986
459,0.9986,0.9986,0.9986,0.9986,0.9986,0.9986,0.9986,0.9986,0.9986
460,0.9986,0.9986,0.9986,0.9986,0.9986,0.9986,0.9986,0.9986,0.9986
461,0.9991,0.9991,0.9991,0.9991,0.9991,0.9991,0.9991,0.9991,0.9991
462,0.9986,0.9986,0.9986,0.9986,0.9986,0.9986,0.9986,0.9986,0.9986
463,0.9986,0.9986,0.9986,0.9986,0.9986,0.9986,0.9986,0.9986,0.9986
464,0.9991,0.9991,0.9991,0.9991,0.9991,0.9991,0.9991,0.9991,0.9991
465,0.9991,0.9991,0.9991,0.9991,0.9991,0.9991,0.9991,0.9991,0.9991
466,0.9995,0.9995,0.9995,0.9995,0.9995,0.9995,0.9995,0.9995,0.9995
467,0.9991,0.9991,0.9991,0.9991,0.9991,0.9991,0.9991,0.9991,0.9991
468,0.9991,0.9991,0.9991,0.9991,0.9991,0.9991,0.9991,0.9991,0.9991
469,0.9986,0.9986,0.9986,0.9986,0.9986,0.9986,0.9986,0.9986,0.9986
470,0.9991,0.9991,0.9991,0.9991,0.9991,0.9991,0.9991,0.9991,0.9991
471,0.9986,0.9986,0.9986,0.9986,0.9986,0.9986,0.9986,0.9986,0.9986
472,0.9986,0.9986,0.9986,0.9986,0.9986,0.9986,0.9986,0.9986,0.9986
473,0.9995,0.9995,0.9995,0.9995,0.9995,0.9995,0.9995,0.9995,0.9995
474,0.9991,0.9991,0.9991,0.9991,0.9991,0.9991,0.9991,0.9991,0.9991
475,0.9986,0.9986,0.9986,0.9986,0.9986,0.9986,0.9986,0.9986,0.9986
476,0.9986,0.9986,0.9986,0.9986,0.9986,0.9986,0.9986,0.9986,0.9986
477,0.9991,0.9991,0.9991,0.9991,0.9991,0.9991,0.9991,0.9991,0.9991
478,0.9986,0.9986,0.9986,0.9986,0.9986,0.9986,0.9986,0.9986,0.9986
479,0.9991,0.9991,0.9991,0.9991,0.9991,0.9991,0.9991,0.9991,0.9991
480,0.9965,0.9965,0.9965,0.9965,0.9965,0.9965,0.9965,0.9965,0.9965
481,0.9954,0.9954,0.9954,0.9958,0.9954,0.9954,0.9954,0.9954,0.9954
482,0.9946,0.9946,0.9946,0.9946,0.9946,0.9946,0.9946,0.9946,0.9946
483,0.9969,0.9969,0.9969,0.9969,0.9969,0.9969,0.9969,0.9969,0.9969
484,0.9954,0.9954,0.9954,0.9954,0.9954,0.9954,0.9954,0.9954,0.9954
485,0.9942,0.9942,0.9942,0.9942,0.9942,0.9942,0.9942,0.9942,0.9942
486,0.995,0.995,0.995,0.995,0.995,0.995,0.995,0.995,0.995
487,0.9961,0.9961,0.9961,0.9961,0.9961,0.9961,0.9961,0.9961,0.9961
488,0.9946,0.9946,0.9946,0.9946,0.9946,0.9946,0.9946,0.9946,0.9946
489,0.9954,0.9954,0.9954,0.9954,0.9954,0.9954,0.9954,0.9954,0.9954
490,0.9958,0.9958,0.9958,0.9958,0.9958,0.9958,0.9958,0.9958,0.9958
491,0.995,0.995,0.995,0.995,0.995,0.995,0.995,0.995,0.995
492,0.9946,0.9946,0.9946,0.9946,0.9946,0.9946,0.9946,0.9946,0.9946
493,0.9946,0.9946,0.9946,0.9946,0.9946,0.9946,0.9946,0.9946,0.9946
494,0.9958,0.9958,0.9958,0.9958,0.9958,0.9958,0.9958,0.9961,0.9961
495,0.9954,0.9954,0.9954,0.9954,0.9954,0.9954,0.9954,0.9954,0.9954
496,0.9965,0.9965,0.9965,0.9965,0.9965,0.9965,0.9965,0.9965,0.9965
497,0.9954,0.9954,0.9954,0.9954,0.9954,0.9954,0.9954,0.9954,0.9954
498,0.9958,0.9958,0.9958,0.9958,0.9958,0.9958,0.9958,0.9961,0.9961
499,0.995,0.995,0.995,0.995,0.995,0.995,0.995,0.995,0.995
500,0.9965,0.9965,0.9965,0.9965,0.9965,0.9965,0.9965,0.9965,0.9965
501,0.9938,0.9938,0.9938,0.9938,0.9938,0.9938,0.9938,0.9938,0.9938
502,0.9942,0.9942,0.9942,0.9942,0.9942,0.9942,0.9942,0.9942,0.9942
503,0.995,0.995,0.995,0.995,0.995,0.995,0.995,0.9954,0.995
504,0.9961,0.9961,0.9961,0.9961,0.9961,0.9961,0.9961,0.9961,0.9961
505,0.9958,0.9958,0.9958,0.9958,0.9958,0.9958,0.9958,0.9958,0.9958
506,0.9938,0.9938,0.9938,0.9938,0.9938,0.9938,0.9938,0.9938,0.9938
507,0.9958,0.9958,0.9958,0.9958,0.9958,0.9958,0.9958,0.9958,0.9958
508,0.9954,0.9954,0.9954,0.9954,0.9954,0.9954,0.9954,0.9954,0.9954
509,0.9954,0.9954,0.9954,0.9954,0.9954,0.9954,0.9954,0.9954,0.9954
510,0.995,0.995,0.995,0.995,0.995,0.995,0.995,0.995,0.995
511,0.9946,0.9946,0.9946,0.9946,0.9946,0.9946,0.9946,0.9946,0.9946
512,0.9946,0.9946,0.9946,0.9946,0.9946,0.9946,0.9946,0.9946,0.9946
513,0.9958,0.9958,0.9958,0.9958,0.9958,0.9958,0.9958,0.9958,0.9958
514,0.995,0.995,0.995,0.995,0.995,0.995,0.995,0.995,0.995
515,0.9946,0.9946,0.9946,0.9946,0.9946,0.9946,0.9946,0.9946,0.9946
516,0.9946,0.9946,0.9946,0.9946,0.9946,0.9946,0.9946,0.9946,0.9946
517,0.9954,0.9954,0.9954,0.9954,0.9954,0.9954,0.9954,0.9954,0.9954
518,0.995,0.995,0.995,0.995,0.995,0.995,0.995,0.995,0.995
519,0.9958,0.9958,0.9958,0.9958,0.9958,0.9958,0.9958,0.9958,0.9958
520,0.9954,0.9954,0.9954,0.9954,0.9954,0.9954,0.9954,0.9954,0.9954
521,0.9958,0.9958,0.9958,0.9958,0.9958,0.9958,0.9958,0.9958,0.9958
522,0.9958,0.9958,0.9958,0.9958,0.9958,0.9958,0.9958,0.9958,0.9958
523,0.9942,0.9942,0.9942,0.9942,0.9942,0.9942,0.9942,0.9942,0.9942
524,0.9958,0.9958,0.9958,0.9958,0.9958,0.9958,0.9958,0.9958,0.9961
525,0.9958,0.9958,0.9958,0.9958,0.9957,0.9957,0.9958,0.9958,0.9958
526,0.9954,0.9954,0.9954,0.9954,0.9954,0.9954,0.9954,0.9954,0.9954
527,0.9938,0.9938,0.9938,0.9938,0.9938,0.9938,0.9938,0.9938,0.9938
528,0.9954,0.9954,0.9954,0.9954,0.9954,0.9954,0.9954,0.9954,0.9954
529,0.995,0.995,0.995,0.995,0.995,0.995,0.995,0.995,0.995
530,0.995,0.995,0.9946,0.9946,0.9946,0.9946,0.9946,0.9946,0.9946
531,0.9958,0.9958,0.9958,0.9958,0.9958,0.9958,0.9958,0.9958,0.9958
532,0.9958,0.9958,0.9958,0.9958,0.9958,0.9958,0.9958,0.9958,0.9958
533,0.995,0.995,0.995,0.9954,0.995,0.995,0.995,0.9954,0.9954
534,0.9946,0.9946,0.9946,0.9946,0.9946,0.9946,0.9946,0.9946,0.9946
535,0.9958,0.9958,0.9958,0.9958,0.9958,0.9958,0.9958,0.9958,0.9958
536,0.9946,0.9946,0.9946,0.9946,0.9946,0.9946,0.9946,0.9946,0.9946
537,0.9965,0.9965,0.9965,0.9965,0.9965,0.9965,0.9965,0.9965,0.9965
538,0.995,0.995,0.9954,0.9954,0.995,0.995,0.9954,0.9954,0.9954
539,0.9954,0.9954,0.9954,0.9954,0.9954,0.9954,0.9954,0.9954,0.9954
540,0.9958,0.9958,0.9958,0.9958,0.9957,0.9957,0.9958,0.9958,0.9958
541,0.9942,0.9942,0.9942,0.9942,0.9942,0.9942,0.9942,0.9942,0.9942
542,0.9946,0.9946,0.9946,0.9946,0.9946,0.9946,0.9946,0.9946,0.9946
543,0.9958,0.9958,0.9958,0.9958,0.9958,0.9957,0.9958,0.9958,0.9958
544,0.9946,0.9946,0.9946,0.9946,0.9946,0.9946,0.9946,0.9946,0.9946
545,0.9958,0.9958,0.9958,0.9958,0.9958,0.9958,0.9958,0.9958,0.9958
546,0.9958,0.9958,0.9958,0.9958,0.9958,0.9958,0.9958,0.9958,0.9958
547,0.9958,0.9958,0.9958,0.9958,0.9958,0.9958,0.9958,0.9958,0.9958
548,0.995,0.995,0.995,0.995,0.995,0.995,0.995,0.995,0.995
549,0.995,0.995,0.995,0.995,0.995,0.995,0.995,0.995,0.995
550,0.995,0.995,0.995,0.995,0.995,0.995,0.995,0.995,0.995
551,0.9954,0.9954,0.9954,0.9954,0.9954,0.9954,0.9954,0.9954,0.9954
552,0.9954,0.9954,0.9954,0.9954,0.9954,0.9954,0.9954,0.9954,0.9954
553,0.9942,0.9942,0.9942,0.9942,0.9942,0.9942,0.9942,0.9942,0.9942
554,0.9946,0.9946,0.9946,0.9946,0.9946,0.9946,0.9946,0.9946,0.9946
555,0.9965,0.9965,0.9965,0.9965,0.9965,0.9965,0.9965,0.9965,0.9965
556,0.9946,0.9946,0.9946,0.9946,0.9946,0.9946,0.9946,0.9946,0.9946
557,0.9954,0.9954,0.9954,0.9954,0.9954,0.9954,0.9954,0.9954,0.9954
558,0.9942,0.9946,0.9942,0.9942,0.9942,0.9942,0.9942,0.9942,0.9942
559,0.9954,0.9954,0.9954,0.9954,0.9954,0.9954,0.9954,0.9954,0.9954
560,0.995,0.995,0.995,0.995,0.995,0.995,0.995,0.995,0.995
561,0.995,0.995,0.995,0.995,0.995,0.995,0.995,0.995,0.995
562,0.9946,0.9946,0.9946,0.9946,0.9946,0.9946,0.9946,0.9946,0.9946
563,0.9954,0.9954,0.9954,0.9954,0.9954,0.9954,0.9954,0.9954,0.9954
564,0.995,0.995,0.9954,0.9954,0.995,0.995,0.995,0.995,0.995
565,0.9954,0.9954,0.9954,0.9954,0.9954,0.9954,0.9954,0.9954,0.9954
566,0.9942,0.9942,0.9942,0.9942,0.9942,0.9942,0.9942,0.9942,0.9942
567,0.995,0.995,0.995,0.995,0.995,0.995,0.995,0.995,0.995
568,0.9946,0.9946,0.9946,0.9946,0.9946,0.9946,0.9946,0.9946,0.9946
569,0.9938,0.9938,0.9942,0.9938,0.9938,0.9938,0.9938,0.9942,0.9942
570,0.995,0.995,0.995,0.995,0.995,0.995,0.995,0.995,0.995
571,0.9958,0.9958,0.9958,0.9958,0.9958,0.9958,0.9958,0.9958,0.9958
572,0.9954,0.9954,0.9954,0.9954,0.9954,0.9954,0.9954,0.9954,0.9954
573,0.995,0.995,0.995,0.995,0.995,0.995,0.995,0.995,0.995
574,0.995,0.995,0.995,0.995,0.995,0.995,0.995,0.995,0.995
575,0.9954,0.9954,0.9954,0.9954,0.9954,0.9954,0.9954,0.9954,0.9954
576,0.9946,0.9946,0.9946,0.9946,0.9946,0.9946,0.9946,0.9946,0.9946
577,0.9946,0.9946,0.9946,0.9946,0.9946,0.9946,0.9946,0.9946,0.9946
578,0.9946,0.9946,0.9946,0.9946,0.9946,0.9946,0.9946,0.9946,0.9946
579,0.9969,0.9969,0.9969,0.9969,0.9969,0.9969,0.9969,0.9969,0.9969
580,0.995,0.995,0.995,0.995,0.995,0.995,0.995,0.995,0.995
581,0.9961,0.9961,0.9961,0.9961,0.9961,0.9961,0.9961,0.9961,0.9961
582,0.9961,0.9961,0.9961,0.9961,0.9961,0.9961,0.9961,0.9961,0.9961
583,0.995,0.9954,0.995,0.995,0.995,0.995,0.995,0.995,0.995
584,0.9954,0.9954,0.9954,0.9954,0.9954,0.9954,0.9954,0.9954,0.9954
585,0.995,0.995,0.995,0.995,0.995,0.995,0.995,0.995,0.995
586,0.9954,0.9954,0.9954,0.9954,0.9954,0.9954,0.9954,0.9954,0.9954
587,0.9938,0.9938,0.9938,0.9938,0.9938,0.9938,0.9938,0.9938,0.9938
588,0.9946,0.9946,0.9946,0.9946,0.9946,0.9946,0.9946,0.9946,0.9946
589,0.9958,0.9958,0.9958,0.9958,0.9958,0.9958,0.9958,0.9958,0.9958
590,0.9942,0.9946,0.9942,0.9942,0.9942,0.9942,0.9942,0.9942,0.9946
591,0.9946,0.9946,0.9946,0.9946,0.9946,0.9946,0.9946,0.9946,0.9946
592,0.995,0.995,0.995,0.995,0.995,0.995,0.995,0.995,0.995
593,0.9946,0.9946,0.9946,0.9946,0.9946,0.9946,0.9946,0.9946,0.9946
594,0.9958,0.9958,0.9958,0.9958,0.9957,0.9957,0.9958,0.9958,0.9958
595,0.9946,0.9946,0.9946,0.9946,0.9946,0.9946,0.9946,0.9946,0.9946
596,0.9965,0.9965,0.9965,0.9965,0.9965,0.9965,0.9965,0.9965,0.9965
597,0.9942,0.9942,0.9942,0.9942,0.9942,0.9942,0.9942,0.9942,0.9942
598,0.9961,0.9961,0.9961,0.9961,0.9961,0.9961,0.9961,0.9961,0.9961
599,0.996,0.996,0.996,0.996,0.996,0.996,0.996,0.996,0.996
600,0.9945,0.9945,0.9945,0.9945,0.9945,0.9945,0.9945,0.9945,0.9945
601,0.9941,0.9941,0.9941,0.9941,0.9941,0.9941,0.9941,0.9941,0.9941
602,0.9959,0.9959,0.9959,0.9959,0.9959,0.9959,0.9959,0.9959,0.9959
603,0.9946,0.9946,0.9946,0.9946,0.9946,0.9945,0.9946,0.9946,0.9946
604,0.9945,0.9945,0.9945,0.9945,0.9945,0.9945,0.9945,0.9945,0.9945
605,0.9941,0.9941,0.9941,0.9941,0.9941,0.9941,0.9941,0.9941,0.9941
606,0.9941,0.9941,0.9941,0.9941,0.9941,0.9941,0.9941,0.9941,0.9941
607,0.9959,0.9959,0.9959,0.9959,0.9959,0.9959,0.9959,0.9959,0.9959
608,0.9963,0.9963,0.9963,0.9963,0.9963,0.9963,0.9963,0.9963,0.9963
609,0.995,0.995,0.995,0.995,0.995,0.995,0.995,0.995,0.995
610,0.9945,0.9945,0.9945,0.9945,0.9945,0.9945,0.9945,0.9945,0.9945
611,0.995,0.995,0.995,0.995,0.995,0.995,0.995,0.995,0.995
612,0.9959,0.9959,0.9959,0.9959,0.9959,0.9959,0.9959,0.9959,0.9959
613,0.9945,0.9945,0.9945,0.9945,0.9945,0.9945,0.9945,0.9945,0.9945
614,0.995,0.995,0.995,0.995,0.995,0.995,0.995,0.995,0.995
615,0.9964,0.9964,0.9964,0.9964,0.9964,0.9964,0.9964,0.9964,0.9964
616,0.9955,0.9955,0.9955,0.9955,0.9955,0.9955,0.9955,0.9955,0.9955
617,0.9941,0.9941,0.9941,0.9941,0.9941,0.9941,0.9941,0.9941,0.9941
618,0.995,0.9954,0.995,0.995,0.995,0.995,0.995,0.995,0.995
619,0.9946,0.9946,0.9946,0.9946,0.9946,0.9946,0.9946,0.9946,0.9946
620,0.995,0.995,0.995,0.995,0.995,0.995,0.995,0.995,0.995
621,0.9941,0.9941,0.9941,0.9941,0.9941,0.9941,0.9941,0.9941,0.9941
622,0.9941,0.9945,0.9945,0.9945,0.9941,0.9941,0.9945,0.9941,0.9941
623,0.9963,0.9963,0.9963,0.9963,0.9963,0.9963,0.9963,0.9963,0.9963
624,0.9955,0.9955,0.9959,0.9959,0.9955,0.9955,0.9955,0.9955,0.9955
625,0.9945,0.9945,0.9945,0.9945,0.9945,0.9945,0.9945,0.9945,0.9945
626,0.9955,0.9955,0.9955,0.9959,0.9955,0.9955,0.9959,0.9955,0.9955
627,0.995,0.995,0.995,0.995,0.995,0.995,0.995,0.995,0.995
628,0.9954,0.9954,0.9954,0.9954,0.9954,0.9954,0.9954,0.9954,0.9954
629,0.995,0.995,0.995,0.995,0.995,0.995,0.995,0.995,0.995
630,0.9945,0.9945,0.9945,0.9945,0.9945,0.9945,0.9945,0.9945,0.9945
631,0.9973,0.9973,0.9973,0.9973,0.9973,0.9973,0.9973,0.9973,0.9973
632,0.9964,0.9964,0.9964,0.9964,0.9964,0.9964,0.9964,0.9964,0.9964
633,0.9959,0.9959,0.9959,0.9959,0.9959,0.9959,0.9959,0.9959,0.9959
634,0.9945,0.9945,0.9945,0.9945,0.9945,0.9945,0.9945,0.9945,0.9945
635,0.9959,0.9959,0.9959,0.9959,0.9959,0.9959,0.9959,0.9959,0.9959
636,0.9954,0.9954,0.9954,0.9954,0.9954,0.9954,0.9954,0.9954,0.9954
637,0.9941,0.9941,0.9941,0.9941,0.9941,0.9941,0.9941,0.9941,0.9941
638,0.9959,0.9959,0.9959,0.9959,0.9959,0.9959,0.9959,0.9959,0.9959
639,0.9945,0.9945,0.9945,0.9945,0.9945,0.9945,0.9945,0.9945,0.9945
640,0.995,0.995,0.995,0.995,0.995,0.995,0.995,0.995,0.995
641,0.994,0.994,0.994,0.994,0.994,0.994,0.994,0.994,0.994
642,0.9959,0.9959,0.9959,0.9959,0.9959,0.9959,0.9959,0.9959,0.9959
643,0.9954,0.9954,0.9954,0.9954,0.9954,0.9954,0.9954,0.9954,0.9954
644,0.9955,0.9955,0.9955,0.9955,0.9954,0.9954,0.9955,0.9955,0.9955
645,0.995,0.9945,0.9945,0.9945,0.9945,0.9945,0.9945,0.995,0.995
646,0.995,0.995,0.995,0.995,0.995,0.995,0.995,0.995,0.995
647,0.9964,0.9964,0.9964,0.9964,0.9963,0.9964,0.9964,0.9964,0.9964
648,0.995,0.995,0.995,0.995,0.9955,0.995,0.9955,0.995,0.995
649,0.9941,0.9941,0.9941,0.9941,0.9941,0.9941,0.9941,0.9941,0.9941
650,0.9959,0.9959,0.9959,0.9959,0.9959,0.9959,0.9959,0.9959,0.9959
651,0.9954,0.9954,0.9954,0.9954,0.9954,0.9954,0.9954,0.9954,0.9954
652,0.995,0.995,0.995,0.995,0.995,0.995,0.995,0.995,0.995
653,0.9955,0.9955,0.9955,0.9955,0.9955,0.9955,0.9955,0.9955,0.9955
654,0.9945,0.9945,0.9945,0.9945,0.9945,0.9945,0.9945,0.9945,0.9945
655,0.9964,0.9964,0.9964,0.9964,0.9964,0.9964,0.9964,0.9964,0.9964
656,0.9945,0.9945,0.9945,0.9945,0.9945,0.9945,0.9945,0.9945,0.9945
657,0.9955,0.9955,0.9955,0.9955,0.9955,0.9955,0.9955,0.9955,0.9955
658,0.9945,0.9945,0.9945,0.9945,0.9945,0.9945,0.9945,0.9945,0.9945
659,0.9959,0.9959,0.9959,0.9959,0.9959,0.9959,0.9959,0.9959,0.9959
660,0.9952,0.9952,0.9952,0.9952,0.9952,0.9952,0.9952,0.9952,0.9952
661,0.9936,0.9936,0.9936,0.9936,0.9936,0.9936,0.9936,0.9936,0.9936
662,0.9951,0.9951,0.9951,0.9951,0.9951,0.9951,0.9951,0.9951,0.9951
663,0.9968,0.9968,0.9968,0.9968,0.9968,0.9968,0.9968,0.9968,0.9968
664,0.9967,0.9967,0.9967,0.9967,0.9967,0.9967,0.9967,0.9967,0.9967
665,0.9936,0.9936,0.9936,0.9936,0.9936,0.9936,0.9936,0.9936,0.9936
666,0.9969,0.9969,0.9969,0.9969,0.9969,0.9969,0.9969,0.9969,0.9969
667,0.9952,0.9952,0.9952,0.9952,0.9952,0.9952,0.9952,0.9952,0.9952
668,0.9968,0.9968,0.9968,0.9968,0.9968,0.9968,0.9968,0.9968,0.9968
669,0.9952,0.9952,0.9952,0.9952,0.9952,0.9952,0.9952,0.9952,0.9952
670,0.9907,0.9907,0.9907,0.9907,0.9907,0.9907,0.9907,0.9907,0.9907
671,0.9884,0.9884,0.9884,0.9884,0.9884,0.9884,0.9884,0.9884,0.9884
672,0.9888,0.9888,0.9892,0.9888,0.9888,0.9888,0.9888,0.9888,0.9888
673,0.9904,0.9904,0.9904,0.9904,0.9904,0.9903,0.9904,0.9904,0.9904
674,0.9915,0.9915,0.9915,0.9915,0.9915,0.9915,0.9915,0.9915,0.9915
675,0.9904,0.9904,0.9904,0.9907,0.9904,0.9903,0.9907,0.9904,0.9907
676,0.9911,0.9911,0.9911,0.9911,0.9911,0.9911,0.9911,0.9911,0.9911
677,0.99,0.99,0.99,0.9907,0.99,0.99,0.99,0.9907,0.9907
678,0.9907,0.9907,0.9907,0.9907,0.9907,0.9907,0.9907,0.9907,0.9907
679,0.9892,0.9892,0.9892,0.9892,0.9892,0.9892,0.9892,0.9892,0.9892
680,0.9915,0.9915,0.9915,0.9915,0.9915,0.9915,0.9915,0.9915,0.9915
681,0.9896,0.9896,0.9896,0.9896,0.9896,0.9896,0.9896,0.9896,0.9896
682,0.9923,0.9923,0.9923,0.9923,0.9923,0.9923,0.9923,0.9923,0.9923
683,0.9888,0.9888,0.9888,0.9888,0.9888,0.9888,0.9888,0.9888,0.9888
684,0.9919,0.9919,0.9919,0.9919,0.9919,0.9919,0.9919,0.9919,0.9919
685,0.9915,0.9915,0.9915,0.9915,0.9915,0.9915,0.9915,0.9915,0.9915
686,0.9911,0.9907,0.9907,0.9907,0.9907,0.9907,0.9907,0.9907,0.9907
687,0.99,0.99,0.99,0.99,0.99,0.99,0.99,0.99,0.99
688,0.99,0.99,0.99,0.99,0.99,0.99,0.99,0.99,0.99
689,0.9907,0.9904,0.9904,0.9904,0.9903,0.9903,0.9904,0.9904,0.9904
690,0.9911,0.9911,0.9911,0.9911,0.9911,0.9911,0.9911,0.9911,0.9911
691,0.9911,0.9907,0.9907,0.9907,0.9907,0.9907,0.9907,0.9907,0.9907
692,0.99,0.99,0.99,0.99,0.99,0.99,0.99,0.99,0.99
693,0.9927,0.9927,0.9927,0.9927,0.9927,0.9927,0.9927,0.9927,0.9927
694,0.9915,0.9915,0.9915,0.9915,0.9915,0.9915,0.9915,0.9915,0.9915
695,0.99,0.99,0.99,0.99,0.99,0.99,0.99,0.99,0.99
696,0.9904,0.9904,0.9904,0.9904,0.9903,0.9903,0.9904,0.9904,0.9904
697,0.9911,0.9911,0.9911,0.9911,0.9911,0.9911,0.9911,0.9911,0.9911
698,0.9915,0.9915,0.9915,0.9915,0.9915,0.9915,0.9915,0.9915,0.9915
699,0.9907,0.9907,0.9907,0.9907,0.9907,0.9907,0.9907,0.9907,0.9907
700,0.9903,0.9904,0.9904,0.9904,0.9904,0.9903,0.9904,0.9904,0.9904
701,0.9884,0.9888,0.9884,0.9884,0.9884,0.9884,0.9884,0.9884,0.9884
702,0.9888,0.9888,0.9888,0.9888,0.9888,0.9888,0.9888,0.9888,0.9888
703,0.9907,0.9907,0.9907,0.9907,0.9907,0.9907,0.9907,0.9907,0.9907
704,0.9888,0.9888,0.9888,0.9888,0.9888,0.9888,0.9888,0.9888,0.9888
705,0.9876,0.9876,0.9876,0.9876,0.9876,0.9876,0.9876,0.9876,0.9876
706,0.9904,0.9904,0.9904,0.9904,0.9904,0.9903,0.9904,0.9904,0.9904
707,0.9884,0.9884,0.9884,0.9884,0.9884,0.9884,0.9884,0.9884,0.9884
708,0.9911,0.9911,0.9911,0.9911,0.9911,0.9911,0.9911,0.9911,0.9911
709,0.9907,0.9907,0.9907,0.9907,0.9907,0.9907,0.9907,0.9907,0.9907
710,0.9907,0.9904,0.9904,0.9904,0.9903,0.9903,0.9904,0.9904,0.9904
711,0.9892,0.9892,0.9892,0.9892,0.9892,0.9892,0.9892,0.9892,0.9892
712,0.988,0.988,0.988,0.988,0.988,0.988,0.988,0.988,0.988
713,0.9892,0.9892,0.9892,0.9892,0.9892,0.9892,0.9892,0.9892,0.9892
714,0.9892,0.9892,0.9896,0.9896,0.9892,0.9892,0.9892,0.9892,0.9896
715,0.9904,0.9904,0.9904,0.9904,0.9904,0.9903,0.9904,0.9904,0.9904
716,0.9919,0.9919,0.9919,0.9923,0.9919,0.9919,0.9919,0.9919,0.9919
717,0.99,0.99,0.99,0.99,0.99,0.99,0.99,0.99,0.99
718,0.99,0.99,0.99,0.99,0.99,0.99,0.99,0.99,0.99
719,0.9888,0.9888,0.9888,0.9888,0.9888,0.9888,0.9888,0.9888,0.9892
720,0.99,0.99,0.99,0.99,0.99,0.99,0.99,0.99,0.99
721,0.99,0.99,0.99,0.99,0.99,0.99,0.99,0.9904,0.9904
722,0.9911,0.9915,0.9911,0.9911,0.9911,0.9911,0.9911,0.9915,0.9915
723,0.9888,0.9888,0.9888,0.9888,0.9888,0.9888,0.9888,0.9892,0.9892
724,0.9911,0.9911,0.9911,0.9911,0.9911,0.9911,0.9911,0.9911,0.9915
725,0.9915,0.9915,0.9915,0.9915,0.9915,0.9915,0.9915,0.9915,0.9915
726,0.9911,0.9911,0.9911,0.9911,0.9911,0.9911,0.9911,0.9911,0.9911
727,0.99,0.99,0.99,0.99,0.99,0.99,0.99,0.99,0.99
728,0.9915,0.9915,0.9915,0.9915,0.9915,0.9915,0.9915,0.9915,0.9915
729,0.9896,0.9896,0.9896,0.9896,0.9896,0.9896,0.9896,0.9896,0.9896
730,0.9888,0.9888,0.9888,0.9888,0.9888,0.9888,0.9888,0.9888,0.9888
731,0.99,0.99,0.9904,0.99,0.99,0.99,0.99,0.99,0.99
732,0.9911,0.9911,0.9911,0.9911,0.9911,0.9911,0.9911,0.9911,0.9911
733,0.9888,0.9888,0.9888,0.9888,0.9888,0.9888,0.9888,0.9888,0.9888
734,0.9892,0.9892,0.9896,0.9892,0.9892,0.9892,0.9892,0.9892,0.9896
735,0.9904,0.9904,0.9904,0.9904,0.9904,0.9903,0.9904,0.9904,0.9904
736,0.9892,0.9892,0.9892,0.9892,0.9892,0.9892,0.9892,0.9892,0.9892
737,0.9911,0.9911,0.9911,0.9911,0.9911,0.9911,0.9911,0.9911,0.9911
738,0.99,0.99,0.9904,0.99,0.99,0.99,0.99,0.99,0.99
739,0.988,0.9876,0.9876,0.9876,0.988,0.9876,0.9876,0.9876,0.9876
740,0.9892,0.9892,0.9892,0.9892,0.9892,0.9892,0.9892,0.9892,0.9892
741,0.9915,0.9915,0.9915,0.9915,0.9915,0.9915,0.9915,0.9915,0.9915
742,0.9911,0.9911,0.9911,0.9911,0.9911,0.9911,0.9911,0.9911,0.9911
743,0.9884,0.9884,0.9884,0.9884,0.9884,0.9884,0.9884,0.9884,0.9884
744,0.9904,0.9904,0.9904,0.9904,0.9904,0.9903,0.9904,0.9904,0.9904
745,0.9896,0.9896,0.9896,0.9896,0.9896,0.9896,0.9896,0.9896,0.9896
746,0.9919,0.9919,0.9919,0.9919,0.9919,0.9919,0.9919,0.9919,0.9919
747,0.9907,0.9907,0.9907,0.9907,0.9907,0.9907,0.9907,0.9907,0.9907
748,0.9892,0.9892,0.9892,0.9892,0.9892,0.9892,0.9892,0.9892,0.9892
749,0.9919,0.9919,0.9919,0.9919,0.9919,0.9919,0.9919,0.9919,0.9919
750,0.9907,0.9907,0.9907,0.9907,0.9907,0.9907,0.9907,0.9907,0.9907
751,0.99,0.99,0.99,0.99,0.9903,0.99,0.99,0.99,0.99
752,0.9923,0.9923,0.9923,0.9923,0.9923,0.9923,0.9923,0.9923,0.9923
753,0.9896,0.9896,0.9896,0.9896,0.9896,0.9896,0.9896,0.9896,0.9896
754,0.9919,0.9919,0.9919,0.9923,0.9919,0.9919,0.9919,0.9919,0.9919
755,0.99,0.99,0.99,0.99,0.99,0.99,0.99,0.99,0.99
756,0.9907,0.9907,0.9907,0.9907,0.9907,0.9907,0.9907,0.9907,0.9907
757,0.9888,0.9888,0.9892,0.9888,0.9888,0.9888,0.9888,0.9888,0.9888
758,0.99,0.9896,0.9896,0.9896,0.9896,0.9896,0.9896,0.9896,0.9896
759,0.9904,0.9904,0.9907,0.9904,0.9903,0.9904,0.9904,0.9907,0.9907
760,0.9907,0.9907,0.9907,0.9907,0.9907,0.9907,0.9907,0.9907,0.9907
761,0.9888,0.9888,0.9892,0.9892,0.9888,0.9888,0.9892,0.9888,0.9892
762,0.9904,0.9904,0.9904,0.9904,0.9903,0.9903,0.9904,0.9904,0.9904
763,0.99,0.99,0.99,0.99,0.99,0.99,0.99,0.99,0.99
764,0.99,0.9896,0.9896,0.9896,0.9896,0.9896,0.9896,0.9896,0.9896
765,0.99,0.99,0.99,0.99,0.9899,0.99,0.99,0.99,0.99
766,0.9904,0.9904,0.9904,0.9904,0.9904,0.9903,0.9904,0.9904,0.9904
767,0.9892,0.9892,0.9892,0.9892,0.9892,0.9892,0.9892,0.9892,0.9892
768,0.9904,0.9904,0.9904,0.9904,0.9904,0.9903,0.9904,0.9904,0.9904
769,0.9907,0.9907,0.9907,0.9907,0.9907,0.9907,0.9907,0.9907,0.9907
770,0.9907,0.9907,0.9907,0.9907,0.9907,0.9907,0.9907,0.9907,0.9907
771,0.9884,0.9884,0.9884,0.9884,0.9884,0.9884,0.9884,0.9884,0.9884
772,0.9923,0.9923,0.9923,0.9923,0.9923,0.9923,0.9923,0.9923,0.9923
773,0.9907,0.9907,0.9907,0.9907,0.9907,0.9907,0.9907,0.9907,0.9907
774,0.9888,0.9888,0.9888,0.9888,0.9888,0.9888,0.9888,0.9888,0.9888
775,0.9892,0.9892,0.9892,0.9892,0.9892,0.9892,0.9892,0.9896,0.9896
776,0.9911,0.9911,0.9911,0.9911,0.9911,0.9911,0.9911,0.9911,0.9911
777,0.9904,0.9904,0.9904,0.9904,0.9903,0.9903,0.9904,0.9904,0.9904
778,0.9907,0.9907,0.9907,0.9907,0.9907,0.9907,0.9907,0.9907,0.9907
779,0.9911,0.9911,0.9911,0.9919,0.9911,0.9911,0.9911,0.9911,0.9915
780,0.9888,0.9884,0.9884,0.9884,0.9884,0.9884,0.9884,0.9884,0.9884
781,0.9907,0.9907,0.9907,0.9907,0.9907,0.9907,0.9907,0.9907,0.9907
782,0.9919,0.9915,0.9919,0.9915,0.9915,0.9915,0.9915,0.9919,0.9919
783,0.9896,0.9896,0.9896,0.9896,0.9896,0.9896,0.9896,0.9896,0.9896
784,0.9907,0.9907,0.9907,0.9907,0.9907,0.9907,0.9907,0.9907,0.9907
785,0.9884,0.9884,0.9884,0.9884,0.9884,0.9884,0.9884,0.9888,0.9888
786,0.9896,0.9896,0.9896,0.9896,0.9896,0.9896,0.9896,0.9896,0.9896
787,0.9896,0.9896,0.9896,0.9896,0.9896,0.9896,0.9896,0.9896,0.9896
788,0.9907,0.9907,0.9907,0.9907,0.9907,0.9907,0.9907,0.9907,0.9907
789,0.9911,0.9911,0.9911,0.9911,0.9911,0.9911,0.9911,0.9911,0.9911
790,0.9878,0.9878,0.9878,0.9878,0.9878,0.9878,0.9878,0.9878,0.9878
791,0.9901,0.9901,0.9901,0.9901,0.9901,0.9901,0.9901,0.9901,0.9901
792,0.9883,0.9883,0.9883,0.9883,0.9883,0.9883,0.9883,0.9883,0.9883
793,0.9919,0.9919,0.9919,0.9919,0.9918,0.9919,0.9919,0.9919,0.9919
794,0.9915,0.991,0.991,0.991,0.991,0.991,0.991,0.991,0.991
795,0.9883,0.9883,0.9883,0.9883,0.9883,0.9883,0.9883,0.9883,0.9883
796,0.9887,0.9887,0.9887,0.9887,0.9887,0.9887,0.9887,0.9887,0.9887
797,0.9915,0.9915,0.9915,0.9915,0.9915,0.9915,0.9915,0.9915,0.9915
798,0.9896,0.99,0.99,0.9896,0.99,0.9896,0.9896,0.9896,0.9896
799,0.991,0.991,0.9915,0.9915,0.991,0.991,0.9915,0.9915,0.9915
800,0.9891,0.9895,0.9891,0.9891,0.9891,0.9891,0.9891,0.9891,0.9891
801,0.9886,0.9886,0.9886,0.9886,0.9886,0.9886,0.9886,0.9886,0.9886
802,0.99,0.99,0.99,0.99,0.99,0.99,0.9905,0.99,0.99
803,0.9906,0.9901,0.9901,0.9901,0.9906,0.9901,0.9901,0.9901,0.9901
804,0.9891,0.9891,0.9891,0.9891,0.9891,0.9891,0.9891,0.9891,0.9891
805,0.9919,0.9919,0.9919,0.9919,0.9923,0.9919,0.9919,0.9919,0.9919
806,0.9901,0.9901,0.9901,0.9901,0.9901,0.9901,0.9906,0.9906,0.9906
807,0.9919,0.9919,0.9919,0.9919,0.9919,0.9918,0.9919,0.9919,0.9919
808,0.9886,0.9886,0.9886,0.9886,0.9891,0.9886,0.9886,0.9886,0.9886
809,0.9909,0.9909,0.9909,0.9909,0.9909,0.9909,0.9909,0.9909,0.9909
810,0.9896,0.9896,0.9896,0.9896,0.9901,0.9896,0.9896,0.9896,0.9896
811,0.9891,0.9887,0.9887,0.9887,0.9887,0.9887,0.9887,0.9887,0.9891
812,0.9901,0.9901,0.9906,0.9901,0.9901,0.9901,0.9901,0.9901,0.9901
813,0.9905,0.9905,0.9905,0.9905,0.9909,0.9905,0.9905,0.9905,0.9905
814,0.9909,0.9909,0.9909,0.9909,0.9909,0.9909,0.9909,0.9909,0.9909
815,0.9909,0.9909,0.9909,0.9909,0.9909,0.9909,0.9909,0.9909,0.9909
816,0.9883,0.9883,0.9878,0.9878,0.9878,0.9878,0.9878,0.9878,0.9878
817,0.9886,0.9886,0.9882,0.9882,0.9891,0.9882,0.9882,0.9882,0.9882
818,0.9896,0.9887,0.9887,0.9887,0.9887,0.9887,0.9887,0.9887,0.9887
819,0.9896,0.9896,0.9896,0.9896,0.9896,0.9896,0.9896,0.9901,0.9896
820,0.9886,0.9886,0.9886,0.989,0.9886,0.9886,0.9886,0.9886,0.9886
821,0.9914,0.9914,0.9914,0.9914,0.9919,0.9914,0.9914,0.9914,0.9914
822,0.9901,0.9896,0.9896,0.9896,0.9896,0.9896,0.9896,0.9896,0.9896
823,0.9886,0.9886,0.9886,0.9886,0.9886,0.9886,0.9886,0.9886,0.9886
824,0.9901,0.9901,0.9901,0.9901,0.9901,0.9901,0.9901,0.9901,0.9901
825,0.9887,0.9896,0.9887,0.9887,0.9901,0.9887,0.9887,0.9887,0.9887
826,0.9897,0.9897,0.9897,0.9897,0.9897,0.9897,0.9897,0.9897,0.9897
827,0.9905,0.9905,0.9905,0.9905,0.9905,0.9905,0.9905,0.9905,0.9905
828,0.9882,0.9882,0.9887,0.9887,0.9882,0.9882,0.9887,0.9882,0.9882
829,0.9923,0.9923,0.9923,0.9923,0.9919,0.9919,0.9919,0.9919,0.9919
830,0.9883,0.9883,0.9878,0.9878,0.9878,0.9878,0.9878,0.9878,0.9878
831,0.9891,0.9887,0.9887,0.9887,0.9887,0.9887,0.9887,0.9887,0.9887
832,0.9914,0.9914,0.9914,0.9914,0.9914,0.9914,0.9914,0.9914,0.9914
833,0.9887,0.9887,0.9887,0.9887,0.9887,0.9887,0.9887,0.9887,0.9887
834,0.991,0.991,0.991,0.991,0.991,0.991,0.991,0.991,0.991
835,0.9896,0.9896,0.9896,0.9896,0.9896,0.9896,0.9896,0.9896,0.9896
836,0.9887,0.9887,0.9887,0.9887,0.9887,0.9887,0.9887,0.9887,0.9887
837,0.9901,0.9901,0.9901,0.9901,0.9901,0.9901,0.9901,0.9901,0.9901
838,0.9914,0.9914,0.9914,0.9914,0.9914,0.9914,0.9914,0.9914,0.9914
839,0.9896,0.9896,0.9896,0.99,0.9896,0.9896,0.9896,0.99,0.99
840,0.9905,0.9905,0.991,0.9905,0.991,0.9905,0.991,0.9905,0.9905
841,0.9892,0.9883,0.9883,0.9883,0.9883,0.9883,0.9883,0.9887,0.9883
842,0.99,0.99,0.99,0.99,0.99,0.99,0.99,0.99,0.99
843,0.9918,0.9918,0.9918,0.9918,0.9918,0.9918,0.9918,0.9918,0.9918
844,0.9896,0.9896,0.9896,0.9896,0.99,0.9896,0.9896,0.9896,0.99
845,0.9895,0.9895,0.99,0.9895,0.9895,0.9895,0.9895,0.9895,0.99
846,0.9887,0.9887,0.9887,0.9887,0.9887,0.9887,0.9887,0.9887,0.9887
847,0.9901,0.9901,0.9901,0.9905,0.9905,0.9901,0.9901,0.9901,0.9901
848,0.9895,0.9895,0.99,0.9895,0.9895,0.9895,0.9895,0.9895,0.9895
849,0.9887,0.9887,0.9887,0.9887,0.9887,0.9887,0.9887,0.9891,0.9896
850,0.9471,0.9474,0.9475,0.9471,0.9471,0.9471,0.9471,0.9478,0.9486
851,0.9491,0.9498,0.9502,0.9491,0.9495,0.9483,0.9487,0.9502,0.9502
852,0.9494,0.949,0.9478,0.9482,0.949,0.9463,0.9474,0.9482,0.9482
853,0.9499,0.9495,0.9503,0.9499,0.9499,0.9495,0.9503,0.9515,0.9499
854,0.9494,0.9479,0.9483,0.9483,0.9483,0.9475,0.9483,0.9483,0.9475
855,0.9511,0.9503,0.9511,0.9507,0.9499,0.9499,0.9503,0.9495,0.9495
856,0.9508,0.9527,0.9511,0.9511,0.9527,0.9519,0.9508,0.9511,0.9515
857,0.9511,0.9507,0.9519,0.9523,0.9507,0.9499,0.9503,0.9519,0.9519
858,0.9487,0.9483,0.9483,0.9479,0.9483,0.9483,0.9483,0.9483,0.9487
859,0.9478,0.9478,0.9471,0.9478,0.9467,0.9462,0.9471,0.9474,0.9478
860,0.9458,0.945,0.9446,0.945,0.9462,0.9443,0.9462,0.945,0.9454
861,0.947,0.9466,0.9493,0.9474,0.947,0.9455,0.9455,0.947,0.947
862,0.9495,0.9499,0.9507,0.9503,0.9495,0.9491,0.9499,0.9499,0.9499
863,0.9442,0.9433,0.9449,0.9438,0.9445,0.9434,0.9442,0.9441,0.9438
864,0.9457,0.9458,0.9454,0.9446,0.9458,0.9438,0.9446,0.945,0.9458
865,0.9446,0.9462,0.9454,0.945,0.9454,0.9438,0.9454,0.9458,0.945
866,0.9478,0.9482,0.9474,0.9482,0.9486,0.9463,0.9467,0.9478,0.9478
867,0.9491,0.9503,0.9514,0.9495,0.9507,0.9495,0.9491,0.9499,0.9503
868,0.9502,0.9491,0.9494,0.9483,0.9494,0.9483,0.9483,0.9487,0.949
869,0.9475,0.9475,0.9483,0.9479,0.9482,0.9475,0.9475,0.9487,0.9487
870,0.9483,0.9491,0.9491,0.9491,0.9487,0.9487,0.9491,0.9491,0.9487
871,0.9483,0.9486,0.9494,0.9502,0.9487,0.9475,0.9487,0.9491,0.9506
872,0.9507,0.9503,0.9499,0.9511,0.9507,0.9495,0.9499,0.9518,0.9515
873,0.9458,0.9455,0.9462,0.9455,0.9458,0.9454,0.9451,0.9462,0.9458
874,0.9495,0.9487,0.9495,0.9498,0.9479,0.9479,0.9495,0.9502,0.9498
875,0.9482,0.947,0.9454,0.9466,0.9478,0.9474,0.9466,0.9474,0.947
876,0.9478,0.947,0.9458,0.9458,0.9466,0.945,0.9466,0.9466,0.9466
877,0.9508,0.9519,0.9515,0.9511,0.9519,0.9507,0.9511,0.9523,0.9515
878,0.9474,0.9482,0.9478,0.9474,0.9478,0.9471,0.9474,0.9486,0.9486
879,0.9471,0.9471,0.9479,0.9486,0.9471,0.9471,0.9471,0.9471,0.9471
880,0.9483,0.9491,0.9483,0.9487,0.9495,0.9483,0.9491,0.9502,0.9491
881,0.9462,0.9458,0.9462,0.9466,0.9454,0.945,0.9458,0.947,0.9466
882,0.9487,0.9483,0.9487,0.9491,0.9495,0.9483,0.9487,0.9491,0.9495
883,0.9527,0.9531,0.9527,0.9519,0.9531,0.9512,0.9519,0.9527,0.9515
884,0.9486,0.9483,0.9502,0.9483,0.9483,0.9471,0.9479,0.9486,0.9486
885,0.9479,0.9483,0.9471,0.9479,0.9482,0.9475,0.9479,0.9475,0.9475
886,0.9446,0.9438,0.9458,0.9442,0.9454,0.9442,0.9442,0.945,0.9446
887,0.945,0.9446,0.9442,0.945,0.9446,0.943,0.9449,0.9453,0.945
888,0.9511,0.9503,0.9507,0.9507,0.9499,0.9495,0.9499,0.951,0.9511
889,0.9487,0.9495,0.9495,0.9499,0.9495,0.9495,0.9491,0.9495,0.9499
890,0.9479,0.9486,0.949,0.9486,0.9479,0.9471,0.9486,0.949,0.9494
891,0.9552,0.9559,0.9563,0.9567,0.9558,0.9548,0.9548,0.9559,0.9563
892,0.9495,0.951,0.9514,0.9499,0.951,0.9487,0.9499,0.9499,0.9499
893,0.9454,0.9458,0.945,0.9442,0.9458,0.9446,0.9438,0.9454,0.945
894,0.9478,0.9478,0.9478,0.9474,0.9482,0.947,0.9482,0.9486,0.9478
895,0.9462,0.9454,0.945,0.9446,0.9462,0.945,0.9454,0.9454,0.9458
896,0.9515,0.9511,0.9523,0.9515,0.9507,0.9511,0.9511,0.9511,0.9523
897,0.9483,0.9483,0.9494,0.9491,0.9487,0.9475,0.9479,0.9494,0.9491
898,0.9511,0.9515,0.9519,0.9515,0.9503,0.9499,0.9515,0.9523,0.9523
899,0.9491,0.9495,0.9491,0.9491,0.9502,0.9483,0.9483,0.951,0.9498
900,0.9511,0.9511,0.9503,0.9499,0.9507,0.9503,0.9503,0.9507,0.9511
901,0.9491,0.9479,0.9483,0.9483,0.9483,0.9483,0.9479,0.9479,0.9483
902,0.9479,0.9479,0.949,0.949,0.9479,0.9471,0.9471,0.949,0.949
903,0.9486,0.9486,0.949,0.949,0.9483,0.9475,0.9486,0.9498,0.9502
904,0.9484,0.9484,0.9484,0.9484,0.9484,0.9484,0.9484,0.9484,0.9484
905,0.9495,0.9483,0.9503,0.9514,0.9487,0.9483,0.9491,0.9506,0.951
906,0.9483,0.9483,0.9483,0.9483,0.9483,0.9471,0.9479,0.9486,0.9483
907,0.9514,0.9499,0.9491,0.9499,0.951,0.9491,0.9498,0.951,0.9514
908,0.9499,0.9499,0.9507,0.9499,0.9503,0.9495,0.9495,0.9499,0.9507
909,0.9511,0.9515,0.9515,0.9507,0.9507,0.9503,0.9507,0.9519,0.9511
910,0.9459,0.9459,0.9462,0.9459,0.947,0.9455,0.9462,0.947,0.9466
911,0.9478,0.9474,0.9474,0.9474,0.9467,0.9467,0.9474,0.9482,0.9474
912,0.9511,0.9503,0.9507,0.9503,0.9495,0.9495,0.9507,0.9518,0.9515
913,0.9487,0.9479,0.9491,0.9502,0.9491,0.9479,0.9491,0.9494,0.9494
914,0.9495,0.9487,0.9487,0.9487,0.9491,0.9483,0.9479,0.9483,0.9483
915,0.9483,0.9479,0.9487,0.9483,0.9475,0.9475,0.9487,0.9487,0.9483
916,0.9426,0.9434,0.9446,0.9449,0.9441,0.9426,0.943,0.9442,0.9434
917,0.9555,0.9551,0.9544,0.9543,0.9544,0.954,0.9543,0.9547,0.9551
918,0.9495,0.9511,0.9534,0.9511,0.9507,0.9495,0.9499,0.9511,0.9507
919,0.9495,0.9495,0.9506,0.9499,0.9487,0.9483,0.9491,0.951,0.9506
920,0.9486,0.9479,0.9479,0.9482,0.9474,0.9467,0.9479,0.9482,0.9482
921,0.9467,0.9463,0.9466,0.947,0.9459,0.9459,0.9467,0.9478,0.9474
922,0.9474,0.9463,0.947,0.9467,0.9459,0.9459,0.9463,0.9478,0.947
923,0.9507,0.9515,0.9507,0.9511,0.9507,0.9499,0.9503,0.9503,0.9503
924,0.9495,0.9495,0.9491,0.9495,0.9499,0.9491,0.9487,0.9495,0.9491
925,0.9527,0.9527,0.9527,0.9523,0.9531,0.9519,0.9519,0.9523,0.9523
926,0.9474,0.9482,0.9482,0.947,0.949,0.9478,0.9467,0.9467,0.9467
927,0.9507,0.9507,0.9511,0.9507,0.9507,0.9495,0.9495,0.9507,0.9507
928,0.9478,0.9475,0.9494,0.9482,0.9479,0.9471,0.9475,0.949,0.949
929,0.9478,0.9486,0.9479,0.9482,0.9478,0.9471,0.9475,0.9479,0.9478
930,0.9486,0.9479,0.9479,0.9471,0.9486,0.9479,0.9475,0.9482,0.9482
931,0.9527,0.9519,0.9527,0.9535,0.9523,0.9519,0.9527,0.9527,0.9531
932,0.9494,0.9491,0.9487,0.9487,0.9475,0.9475,0.9483,0.9487,0.9491
933,0.9475,0.9471,0.9479,0.9483,0.9471,0.9471,0.9479,0.9486,0.949
934,0.9503,0.9507,0.9511,0.9511,0.9514,0.9495,0.9495,0.9515,0.9511
935,0.9499,0.9502,0.9506,0.9503,0.9495,0.9483,0.9495,0.9495,0.9499
936,0.9543,0.9539,0.9547,0.9551,0.9539,0.9527,0.9547,0.9547,0.9535
937,0.9475,0.9475,0.9475,0.9483,0.9483,0.9479,0.9483,0.9486,0.9483
938,0.9503,0.9507,0.9507,0.9507,0.9507,0.9495,0.9507,0.9499,0.9499
939,0.9515,0.9511,0.9515,0.9511,0.9519,0.9507,0.9511,0.9519,0.9522
940,0.9491,0.9495,0.9491,0.9495,0.9487,0.9487,0.9499,0.9518,0.9499
941,0.9478,0.9474,0.9471,0.9463,0.9478,0.9463,0.9463,0.9471,0.9467
942,0.9494,0.9491,0.9483,0.9487,0.9494,0.9475,0.9479,0.9491,0.9487
943,0.9491,0.9487,0.9491,0.9498,0.9479,0.9479,0.9487,0.9495,0.9495
944,0.9466,0.9462,0.9478,0.947,0.9458,0.9451,0.9478,0.9489,0.9485
945,0.9466,0.9466,0.9459,0.9462,0.9466,0.9466,0.9462,0.9459,0.9459
946,0.9511,0.9511,0.9519,0.9519,0.9511,0.9515,0.9519,0.9527,0.9523
947,0.9457,0.9434,0.9438,0.9434,0.9442,0.943,0.943,0.9449,0.9449
948,0.9471,0.9471,0.9471,0.9471,0.9482,0.9471,0.9471,0.9471,0.9467
949,0.9511,0.9507,0.9507,0.9503,0.951,0.9491,0.9495,0.9503,0.9499
950,0.9466,0.9462,0.9474,0.9474,0.9455,0.9455,0.9459,0.9478,0.947
951,0.9514,0.9514,0.9503,0.9503,0.9503,0.9491,0.9503,0.9503,0.9499
952,0.9487,0.9491,0.9487,0.9503,0.9495,0.9491,0.9495,0.951,0.9499
953,0.9482,0.9474,0.9467,0.9482,0.9478,0.9463,0.9474,0.9482,0.9482
954,0.9507,0.9503,0.9503,0.9499,0.9511,0.9495,0.9507,0.9511,0.9507
955,0.9466,0.9466,0.9454,0.9458,0.9458,0.9438,0.9465,0.9462,0.9458
956,0.9507,0.9511,0.9507,0.9511,0.9507,0.9503,0.9507,0.9511,0.9511
957,0.9499,0.9499,0.9495,0.9507,0.9499,0.9491,0.9503,0.9503,0.9503
958,0.9491,0.9494,0.9499,0.9499,0.9495,0.9483,0.9491,0.9503,0.9503
959,0.9479,0.9475,0.9479,0.9486,0.9475,0.9471,0.9479,0.9494,0.949
960,0.945,0.9454,0.9438,0.9446,0.9446,0.9438,0.9446,0.9454,0.9458
961,0.9503,0.9498,0.9499,0.9506,0.9491,0.9483,0.9499,0.9499,0.9503
962,0.9503,0.9495,0.9495,0.9495,0.9495,0.9495,0.9495,0.9503,0.9503
963,0.9458,0.9466,0.9462,0.9466,0.947,0.9458,0.9455,0.947,0.947
964,0.9482,0.9474,0.9474,0.9471,0.9474,0.9463,0.9467,0.9474,0.9474
965,0.9528,0.9535,0.9531,0.9535,0.9539,0.9527,0.9535,0.9539,0.9547
966,0.9531,0.9523,0.9527,0.9531,0.9531,0.9519,0.9523,0.9535,0.9535
967,0.9503,0.9503,0.9514,0.9503,0.9511,0.9491,0.9514,0.9511,0.9507
968,0.9486,0.9479,0.9479,0.9471,0.9475,0.947,0.9471,0.9482,0.9486
969,0.9519,0.9527,0.9515,0.9519,0.9523,0.9515,0.9511,0.9511,0.9515
970,0.9488,0.95,0.95,0.9505,0.9505,0.9488,0.9518,0.9518,0.9509
971,0.9489,0.9485,0.9476,0.9485,0.948,0.9481,0.9485,0.9485,0.9485
972,0.9472,0.9472,0.9459,0.9459,0.9467,0.9459,0.9464,0.9464,0.9464
973,0.9436,0.9432,0.9445,0.9441,0.9445,0.9441,0.9441,0.9445,0.9441
974,0.9497,0.9497,0.9488,0.9488,0.9484,0.9479,0.948,0.9484,0.9484
975,0.9499,0.9512,0.9504,0.9491,0.9503,0.9486,0.9508,0.9517,0.9512
976,0.9544,0.9544,0.9535,0.9535,0.954,0.9531,0.9535,0.954,0.954
977,0.9518,0.9513,0.95,0.9513,0.953,0.95,0.9509,0.9522,0.9518
978,0.9483,0.9495,0.9504,0.9495,0.9486,0.9491,0.95,0.9504,0.9504
979,0.951,0.9493,0.9506,0.9498,0.9502,0.9498,0.9502,0.9506,0.9498
980,0.9505,0.9509,0.951,0.9522,0.9514,0.9497,0.9514,0.9531,0.9526
981,0.9467,0.9471,0.9476,0.9471,0.9467,0.9463,0.9476,0.9471,0.9463
982,0.9512,0.9507,0.9507,0.9507,0.9503,0.949,0.9507,0.952,0.9516
983,0.9494,0.9511,0.9498,0.9494,0.9499,0.9494,0.9499,0.9503,0.9503
984,0.9494,0.9511,0.9494,0.9502,0.9498,0.9494,0.9498,0.9503,0.9503
985,0.9496,0.9504,0.95,0.95,0.9487,0.9483,0.9491,0.95,0.95
986,0.9473,0.9486,0.9486,0.9473,0.9473,0.9468,0.9482,0.9486,0.9486
987,0.9489,0.9489,0.9494,0.9485,0.9497,0.9485,0.9481,0.9489,0.9489
988,0.9507,0.9512,0.952,0.9516,0.9524,0.9512,0.9507,0.9507,0.9516
989,0.9494,0.949,0.949,0.949,0.949,0.9482,0.949,0.9494,0.9494
990,0.946,0.9465,0.9491,0.9469,0.9465,0.9456,0.9469,0.9465,0.9469
991,0.9514,0.9519,0.9506,0.9519,0.9523,0.9506,0.9514,0.9519,0.9523
992,0.9496,0.9501,0.9505,0.9509,0.9514,0.9501,0.9501,0.9501,0.9501
993,0.9458,0.9462,0.9462,0.9449,0.9462,0.9454,0.9454,0.9454,0.9454
994,0.9474,0.9474,0.9487,0.9474,0.9483,0.9465,0.9474,0.9487,0.9483
995,0.9471,0.9462,0.9458,0.945,0.9454,0.945,0.945,0.9454,0.9458
996,0.9496,0.95,0.95,0.9492,0.9496,0.9483,0.9492,0.9496,0.9496
997,0.9539,0.9522,0.9522,0.9513,0.9535,0.9522,0.9518,0.9526,0.9522
998,0.9488,0.9488,0.9483,0.9492,0.9496,0.9487,0.9483,0.9488,0.9488
999,0.9506,0.951,0.9498,0.9498,0.951,0.9498,0.9498,0.9498,0.9498
1000,0.949,0.9494,0.949,0.9486,0.9499,0.9486,0.9486,0.9486,0.9486
1001,0.9519,0.9537,0.9519,0.9511,0.9528,0.9511,0.9519,0.9528,0.9515
1002,0.9509,0.9497,0.9514,0.9492,0.9484,0.9484,0.9492,0.9501,0.9501
1003,0.9472,0.948,0.9463,0.9467,0.9488,0.9463,0.9459,0.9463,0.9459
1004,0.951,0.9497,0.9484,0.9488,0.9492,0.9488,0.9488,0.9497,0.9497
1005,0.9482,0.9482,0.9469,0.9469,0.9469,0.9469,0.9469,0.9478,0.9478
1006,0.9505,0.95,0.9501,0.9501,0.9497,0.9484,0.9483,0.9488,0.9488
1007,0.9465,0.9465,0.947,0.9461,0.9473,0.9461,0.9457,0.9474,0.9478
1008,0.9491,0.9495,0.9504,0.9487,0.9482,0.9474,0.9478,0.9487,0.9487
1009,0.9463,0.9472,0.9468,0.9459,0.9493,0.9459,0.9463,0.9472,0.9468
1010,0.9483,0.9475,0.9475,0.9475,0.9466,0.9458,0.9479,0.9483,0.9479
1011,0.9465,0.9452,0.9465,0.9456,0.9465,0.9456,0.9452,0.9456,0.9452
1012,0.9503,0.949,0.9499,0.9503,0.9486,0.9482,0.9494,0.9499,0.9503
1013,0.9478,0.9469,0.9478,0.9465,0.9478,0.9478,0.9469,0.9464,0.946
1014,0.9497,0.9506,0.951,0.9497,0.9502,0.9493,0.951,0.9506,0.9502
1015,0.9523,0.9536,0.9523,0.9532,0.9527,0.9518,0.9527,0.9523,0.9519
1016,0.95,0.9491,0.9482,0.9495,0.9491,0.9478,0.9491,0.9487,0.9487
1017,0.951,0.9535,0.9505,0.9501,0.951,0.9501,0.9505,0.9509,0.951
1018,0.9529,0.9511,0.9516,0.9508,0.952,0.9511,0.9508,0.9516,0.9516
1019,0.9455,0.946,0.9477,0.9468,0.9438,0.943,0.9455,0.9468,0.9468
1020,0.9495,0.9486,0.9473,0.9473,0.9491,0.9482,0.9473,0.9482,0.9482
1021,0.947,0.9475,0.9462,0.9475,0.9475,0.9462,0.947,0.9479,0.9475
1022,0.9478,0.9482,0.9478,0.9478,0.9486,0.9473,0.9469,0.9478,0.9478
1023,0.9476,0.9467,0.9476,0.9472,0.9467,0.9459,0.9459,0.9472,0.9472
1024,0.947,0.9474,0.947,0.9465,0.9491,0.9474,0.9474,0.9474,0.947
1025,0.9475,0.9479,0.9488,0.9483,0.9479,0.9471,0.9471,0.9488,0.9496
1026,0.9506,0.9506,0.9515,0.9502,0.9509,0.9489,0.9506,0.9502,0.9506
1027,0.9497,0.9502,0.951,0.951,0.9497,0.9493,0.9506,0.951,0.9506
1028,0.9525,0.9521,0.9516,0.9525,0.9516,0.9508,0.9508,0.9529,0.9529
1029,0.9508,0.95,0.9491,0.9508,0.9504,0.9483,0.9487,0.9504,0.9513
1030,0.8909,0.8909,0.8917,0.8925,0.8935,0.8917,0.8913,0.8936,0.8936
1031,0.8859,0.8835,0.8866,0.8855,0.8839,0.882,0.8835,0.8862,0.8859
1032,0.8933,0.896,0.8971,0.8951,0.8933,0.8909,0.8948,0.8971,0.896
1033,0.893,0.8934,0.8954,0.8931,0.8934,0.8927,0.8946,0.8949,0.8946
1034,0.8956,0.8917,0.891,0.8925,0.8913,0.8898,0.8917,0.8948,0.894
1035,0.8948,0.8937,0.8933,0.8924,0.8925,0.891,0.8913,0.896,0.8956
1036,0.8953,0.8988,0.8977,0.8969,0.8976,0.8953,0.8961,0.898,0.8999
1037,0.8904,0.8912,0.8931,0.892,0.8928,0.8897,0.8924,0.8928,0.8951
1038,0.8997,0.8982,0.8982,0.8978,0.8982,0.8959,0.897,0.9005,0.9005
1039,0.8998,0.8983,0.9006,0.8994,0.8994,0.8975,0.8983,0.9006,0.9006
1040,0.8894,0.8886,0.8882,0.8879,0.8863,0.8847,0.8875,0.8902,0.8913
1041,0.8952,0.8917,0.8932,0.8917,0.8912,0.8901,0.8921,0.8943,0.894
1042,0.9064,0.906,0.9053,0.9037,0.9057,0.9045,0.9045,0.9037,0.9057
1043,0.8947,0.8954,0.8959,0.8936,0.8932,0.8909,0.8936,0.8959,0.8962
1044,0.8984,0.8984,0.8977,0.8973,0.8969,0.8938,0.8973,0.9011,0.9
1045,0.8986,0.8986,0.8986,0.899,0.8993,0.8974,0.899,0.9009,0.902
1046,0.8988,0.8996,0.8973,0.8985,0.8973,0.8958,0.8977,0.8996,0.9012
1047,0.8997,0.8989,0.8973,0.8989,0.8981,0.8954,0.8966,0.8985,0.8989
1048,0.8965,0.895,0.8965,0.8946,0.8946,0.8938,0.8958,0.8973,0.8962
1049,0.8982,0.8955,0.8963,0.8997,0.8943,0.8924,0.8943,0.9001,0.9009
1050,0.8902,0.8929,0.8948,0.8921,0.8921,0.8906,0.8894,0.8925,0.894
1051,0.899,0.8997,0.8978,0.8978,0.9002,0.8982,0.8975,0.8997,0.9013
1052,0.8935,0.8938,0.8935,0.8927,0.8907,0.8861,0.8911,0.893,0.8935
1053,0.8934,0.8919,0.8949,0.8942,0.893,0.8922,0.8922,0.8976,0.8984
1054,0.8985,0.8966,0.9015,0.8988,0.8973,0.8954,0.8992,0.9031,0.9027
1055,0.8955,0.8963,0.8944,0.8955,0.8955,0.8944,0.8959,0.8975,0.8975
1056,0.8984,0.8969,0.8961,0.8953,0.8988,0.895,0.8961,0.8992,0.8992
1057,0.9003,0.9007,0.9007,0.901,0.8991,0.8975,0.9003,0.9014,0.9018
1058,0.8961,0.8965,0.8961,0.8969,0.8961,0.8965,0.8953,0.8992,0.8977
1059,0.8879,0.886,0.8884,0.888,0.8876,0.8833,0.8872,0.8899,0.8926
1060,0.8924,0.8939,0.8958,0.8943,0.8939,0.8908,0.8939,0.8947,0.8951
1061,0.8966,0.8954,0.8962,0.8951,0.8958,0.8954,0.8966,0.8993,0.8969
1062,0.899,0.8963,0.8948,0.8971,0.8967,0.8967,0.8952,0.8978,0.8983
1063,0.8943,0.8912,0.8915,0.89,0.8915,0.8888,0.8885,0.8912,0.8927
1064,0.8937,0.8929,0.8918,0.8906,0.8933,0.8898,0.8918,0.8945,0.8956
1065,0.8854,0.8803,0.8846,0.8827,0.8827,0.8819,0.8811,0.8846,0.885
1066,0.8999,0.8998,0.8995,0.9022,0.8991,0.8976,0.9007,0.9014,0.901
1067,0.8998,0.9002,0.8986,0.8981,0.9013,0.8975,0.899,0.9017,0.9005
1068,0.8997,0.8967,0.9005,0.9013,0.897,0.8974,0.8986,0.9017,0.9028
1069,0.892,0.8897,0.8928,0.8908,0.892,0.89,0.8916,0.892,0.8928
1070,0.8954,0.8942,0.8946,0.8931,0.893,0.8931,0.8938,0.8961,0.8942
1071,0.8987,0.8971,0.8971,0.8998,0.8952,0.8924,0.896,0.8987,0.8994
1072,0.8934,0.8949,0.8949,0.8949,0.8934,0.8914,0.8918,0.8957,0.8964
1073,0.8987,0.8948,0.896,0.8995,0.8975,0.8941,0.8968,0.8998,0.8998
1074,0.8994,0.8952,0.8952,0.8956,0.896,0.8936,0.8948,0.8963,0.8963
1075,0.8933,0.8913,0.8948,0.8929,0.8925,0.8894,0.8933,0.8948,0.894
1076,0.8993,0.9,0.9,0.8997,0.8993,0.897,0.9005,0.9016,0.9008
1077,0.8951,0.8931,0.8951,0.8958,0.8915,0.8912,0.8943,0.8974,0.8974
1078,0.8953,0.8922,0.8976,0.8953,0.8946,0.893,0.8926,0.8953,0.8961
1079,0.8969,0.8992,0.8981,0.8985,0.8969,0.8973,0.8957,0.898,0.8992
1080,0.8915,0.8907,0.8907,0.8931,0.8903,0.8869,0.89,0.8919,0.8942
1081,0.8913,0.8913,0.894,0.8913,0.8921,0.8894,0.8917,0.8956,0.8952
1082,0.8986,0.8975,0.899,0.8971,0.897,0.8963,0.8959,0.9005,0.8994
1083,0.8992,0.8949,0.8945,0.895,0.8961,0.895,0.8953,0.898,0.8984
1084,0.9035,0.902,0.9016,0.9016,0.9016,0.9013,0.9016,0.9047,0.9055
1085,0.9017,0.9009,0.9047,0.9032,0.904,0.9039,0.9002,0.9055,0.9044
1086,0.8936,0.8905,0.8928,0.894,0.8904,0.8882,0.8901,0.8963,0.8955
1087,0.8887,0.8882,0.891,0.891,0.8876,0.8875,0.8876,0.8914,0.8929
1088,0.8959,0.8936,0.8959,0.8959,0.8936,0.892,0.8936,0.8967,0.8959
1089,0.8953,0.895,0.8977,0.8973,0.8942,0.893,0.8934,0.898,0.8984
1090,0.8894,0.8898,0.8913,0.8929,0.8925,0.8902,0.8918,0.8933,0.8937
1091,0.8965,0.8972,0.8968,0.8965,0.8957,0.8941,0.8953,0.8968,0.8976
1092,0.898,0.8976,0.896,0.8965,0.8957,0.8957,0.8961,0.8968,0.8991
1093,0.8957,0.891,0.8946,0.8922,0.8918,0.8903,0.8926,0.8937,0.8953
1094,0.8905,0.892,0.8917,0.8916,0.8886,0.8874,0.8925,0.8936,0.8932
1095,0.8999,0.8992,0.9015,0.9003,0.9003,0.8977,0.8991,0.9019,0.9019
1096,0.8971,0.8948,0.8975,0.896,0.8944,0.894,0.8956,0.8967,0.8967
1097,0.8918,0.8941,0.8946,0.8949,0.8903,0.8895,0.8919,0.8946,0.8957
1098,0.8945,0.891,0.8934,0.8945,0.8914,0.8903,0.8918,0.8964,0.8957
1099,0.8962,0.8951,0.8927,0.8947,0.8927,0.8935,0.8924,0.8958,0.8958
1100,0.8951,0.8944,0.8982,0.8975,0.8955,0.8939,0.8963,0.8982,0.8994
1101,0.8955,0.8966,0.8963,0.8959,0.8958,0.8916,0.8924,0.8951,0.8966
1102,0.8948,0.8939,0.897,0.8959,0.8939,0.8928,0.8951,0.8963,0.8963
1103,0.894,0.8956,0.896,0.8971,0.894,0.8936,0.8936,0.8983,0.8975
1104,0.8861,0.8857,0.8842,0.8834,0.8849,0.8814,0.883,0.8865,0.8872
1105,0.8913,0.8892,0.8882,0.8862,0.8897,0.8858,0.8878,0.8874,0.8874
1106,0.9033,0.901,0.901,0.9006,0.899,0.8975,0.9009,0.9021,0.9025
1107,0.8911,0.8888,0.8911,0.8888,0.8887,0.8856,0.8872,0.8911,0.8919
1108,0.8915,0.8903,0.8911,0.8904,0.8892,0.8876,0.8884,0.8911,0.8931
1109,0.891,0.8914,0.8884,0.8907,0.8895,0.8891,0.8903,0.891,0.8895
1110,0.8872,0.886,0.8872,0.8856,0.8871,0.8829,0.886,0.8883,0.8868
1111,0.8976,0.8969,0.8984,0.8969,0.8952,0.8953,0.8969,0.898,0.8988
1112,0.8927,0.8931,0.8931,0.8931,0.8927,0.8896,0.8934,0.8946,0.8946
1113,0.8985,0.8987,0.8992,0.8965,0.8976,0.8973,0.8969,0.8985,0.9004
1114,0.8969,0.8981,0.9015,0.8981,0.8976,0.8954,0.8977,0.9003,0.9008
1115,0.8928,0.8932,0.8952,0.8936,0.8928,0.8897,0.8921,0.8959,0.8956
1116,0.8905,0.8897,0.8921,0.8901,0.8905,0.8901,0.8901,0.8921,0.8932
1117,0.8973,0.8942,0.8973,0.8957,0.895,0.8942,0.8957,0.8984,0.8996
1118,0.8925,0.8921,0.8929,0.8944,0.8906,0.889,0.8917,0.8952,0.8964
1119,0.893,0.8926,0.8922,0.8914,0.8903,0.8906,0.891,0.893,0.8941
1120,0.9057,0.9045,0.9057,0.9053,0.9042,0.9034,0.9045,0.9057,0.9061
1121,0.897,0.8954,0.8931,0.8935,0.8958,0.8927,0.8954,0.8951,0.8966
1122,0.8899,0.888,0.8918,0.8907,0.8864,0.8872,0.8895,0.8911,0.8907
1123,0.8978,0.8982,0.9013,0.9009,0.8963,0.8959,0.899,0.8998,0.9002
1124,0.8942,0.8938,0.8988,0.8965,0.8958,0.8938,0.8931,0.8973,0.8985
1125,0.8928,0.8932,0.8928,0.8897,0.8924,0.8889,0.8913,0.8916,0.8924
1126,0.8988,0.8988,0.898,0.8973,0.898,0.8965,0.8984,0.9003,0.9011
1127,0.8882,0.8885,0.8885,0.8901,0.889,0.8866,0.889,0.8921,0.8905
1128,0.8985,0.8978,0.8985,0.8989,0.8985,0.8966,0.8982,0.9008,0.9005
1129,0.8937,0.8898,0.8956,0.8921,0.8906,0.889,0.8921,0.8968,0.896
1130,0.895,0.8927,0.8942,0.8934,0.8961,0.8931,0.8919,0.8946,0.8961
1131,0.9025,0.9006,0.9006,0.9013,0.899,0.8967,0.899,0.9021,0.9029
1132,0.8935,0.8935,0.895,0.8931,0.8919,0.8904,0.8942,0.8962,0.8981
1133,0.8925,0.8937,0.8918,0.8914,0.8922,0.8925,0.8925,0.896,0.8945
1134,0.898,0.8967,0.8976,0.896,0.8972,0.8964,0.8956,0.8945,0.8953
1135,0.8931,0.8923,0.8923,0.8919,0.8919,0.8885,0.8916,0.8935,0.8943
1136,0.8958,0.8938,0.8958,0.8969,0.8954,0.8927,0.8942,0.8969,0.8954
1137,0.8953,0.8965,0.8957,0.8946,0.8934,0.8926,0.893,0.8953,0.8957
1138,0.8959,0.8947,0.8935,0.8959,0.8958,0.8924,0.8936,0.8963,0.8963
1139,0.8995,0.8984,0.9003,0.8995,0.8972,0.8953,0.8988,0.8992,0.8999
1140,0.8966,0.8966,0.895,0.8942,0.8946,0.8911,0.8946,0.8946,0.8954
1141,0.8976,0.8992,0.8968,0.898,0.8968,0.8949,0.8972,0.8984,0.8984
1142,0.8925,0.8917,0.8901,0.8894,0.8925,0.8936,0.8906,0.8933,0.8929
1143,0.895,0.8946,0.8939,0.8977,0.8923,0.8896,0.8946,0.8985,0.8962
1144,0.8954,0.8896,0.8911,0.8911,0.8966,0.8907,0.89,0.8927,0.8935
1145,0.8974,0.897,0.8951,0.8943,0.8974,0.8935,0.8954,0.8943,0.8954
1146,0.8943,0.8908,0.8939,0.892,0.8931,0.8916,0.8924,0.8931,0.8962
1147,0.8936,0.8913,0.8952,0.8936,0.8905,0.8897,0.8909,0.8967,0.8979
1148,0.8961,0.8941,0.8949,0.8937,0.8937,0.8914,0.8918,0.8937,0.8953
1149,0.8969,0.8926,0.8946,0.8922,0.8926,0.8899,0.8919,0.8938,0.8937
1150,0.8944,0.8928,0.8965,0.8969,0.894,0.892,0.8948,0.8977,0.8989
1151,0.9053,0.9042,0.905,0.9058,0.901,0.9017,0.9046,0.9046,0.9038
1152,0.8916,0.8932,0.8978,0.8924,0.8928,0.8912,0.8907,0.8939,0.8952
1153,0.8961,0.8933,0.8961,0.8957,0.8944,0.8937,0.8949,0.8961,0.8957
1154,0.8974,0.8954,0.8954,0.8966,0.8946,0.8926,0.8941,0.8966,0.8942
1155,0.8992,0.9004,0.9021,0.9,0.8992,0.8996,0.8992,0.9004,0.9021
1156,0.8974,0.8962,0.899,0.8986,0.899,0.8974,0.8974,0.8998,0.9002
1157,0.9021,0.9026,0.9018,0.9018,0.9038,0.9009,0.8993,0.9009,0.9026
1158,0.8922,0.8914,0.8963,0.8942,0.8913,0.8885,0.8902,0.8943,0.8959
1159,0.8966,0.8938,0.8906,0.8934,0.8914,0.8902,0.8938,0.895,0.8946
1160,0.8912,0.8904,0.8948,0.8936,0.8932,0.8892,0.8904,0.8928,0.8932
1161,0.8974,0.8962,0.9002,0.8982,0.8962,0.8962,0.8962,0.9002,0.9026
1162,0.8916,0.8892,0.894,0.8907,0.892,0.8891,0.89,0.8912,0.892
1163,0.8966,0.8942,0.8971,0.8959,0.8967,0.8922,0.8951,0.8983,0.8995
1164,0.8997,0.8981,0.8993,0.8997,0.9001,0.8965,0.8985,0.9001,0.9009
1165,0.8955,0.896,0.8972,0.8964,0.8988,0.8956,0.8964,0.898,0.898
1166,0.8922,0.895,0.8954,0.8975,0.8942,0.893,0.893,0.8971,0.8987
1167,0.8966,0.8945,0.8925,0.8945,0.895,0.8929,0.8929,0.8962,0.895
1168,0.8973,0.8957,0.8957,0.8998,0.8961,0.8941,0.8953,0.8977,0.8985
1169,0.8949,0.8978,0.901,0.8953,0.8949,0.8933,0.897,0.8978,0.8982
1170,0.8947,0.8918,0.8935,0.8878,0.8914,0.8882,0.8886,0.8902,0.8923
1171,0.897,0.8966,0.8934,0.8987,0.897,0.895,0.8966,0.8979,0.8974
1172,0.9023,0.9003,0.9,0.9,0.8996,0.8972,0.898,0.9015,0.9008
1173,0.8934,0.8933,0.893,0.893,0.8939,0.8918,0.891,0.8934,0.8971
1174,0.8886,0.8844,0.8877,0.8861,0.8849,0.882,0.8853,0.8874,0.8874
1175,0.8969,0.8933,0.8957,0.8937,0.8957,0.8936,0.8924,0.8937,0.8953
1176,0.9013,0.8992,0.9024,0.9041,0.9013,0.8988,0.9025,0.9033,0.9037
1177,0.9081,0.9053,0.905,0.9042,0.9069,0.9022,0.9053,0.905,0.905
1178,0.8902,0.8902,0.8956,0.8923,0.8886,0.8865,0.8898,0.8931,0.8935
1179,0.8959,0.8955,0.8951,0.8963,0.8962,0.8947,0.8942,0.8967,0.8967
1180,0.8932,0.8928,0.8945,0.8941,0.8937,0.8904,0.8937,0.8977,0.8985
1181,0.8957,0.8965,0.8969,0.8985,0.8961,0.8932,0.8953,0.9002,0.9002
1182,0.9005,0.8989,0.8985,0.8985,0.9001,0.8984,0.8973,0.8997,0.8997
1183,0.8991,0.8967,0.8999,0.9003,0.8991,0.8967,0.8979,0.9023,0.9027
1184,0.8948,0.8919,0.8968,0.8935,0.8939,0.8919,0.8891,0.8952,0.8968
1185,0.8925,0.8904,0.8912,0.8916,0.8916,0.8908,0.8896,0.8925,0.8937
1186,0.8949,0.8961,0.8965,0.8969,0.8961,0.8929,0.8945,0.9002,0.8998
1187,0.8973,0.8957,0.901,0.8957,0.8977,0.894,0.8949,0.8953,0.9006
1188,0.9002,0.8994,0.899,0.8966,0.9006,0.8961,0.8962,0.8998,0.901
1189,0.8947,0.8922,0.893,0.8934,0.8922,0.8906,0.8918,0.8947,0.8947
1190,0.8998,0.8989,0.8989,0.8985,0.8977,0.8953,0.8953,0.8989,0.8985
1191,0.9001,0.9021,0.9025,0.9009,0.9013,0.8997,0.9029,0.9025,0.9025
1192,0.8959,0.8963,0.8995,0.897,0.8999,0.8971,0.8959,0.8971,0.8975
1193,0.8946,0.8951,0.8943,0.8959,0.8922,0.8898,0.8926,0.8955,0.8947
1194,0.8985,0.8977,0.8993,0.8993,0.8981,0.8977,0.8969,0.9005,0.8997
1195,0.898,0.8935,0.8943,0.8956,0.8948,0.8935,0.8935,0.8964,0.8976
1196,0.8904,0.8879,0.8921,0.8908,0.8872,0.8855,0.8871,0.8908,0.892
1197,0.8998,0.8975,0.9007,0.902,0.8987,0.8975,0.8987,0.9024,0.9024
1198,0.8965,0.8957,0.8941,0.8961,0.8973,0.8941,0.8933,0.8953,0.8969
1199,0.8968,0.891,0.891,0.8927,0.8923,0.8902,0.8914,0.8939,0.8931
1200,0.8986,0.893,0.8942,0.8946,0.8962,0.8942,0.8946,0.8958,0.8978
1201,0.8936,0.892,0.8924,0.894,0.8928,0.89,0.8912,0.8964,0.8956
1202,0.8961,0.8957,0.8961,0.8953,0.8953,0.8921,0.8933,0.8961,0.8977
1203,0.8988,0.8971,0.9004,0.902,0.8963,0.8951,0.8988,0.9037,0.9024
1204,0.8966,0.895,0.895,0.8946,0.8966,0.8934,0.8946,0.8958,0.8974
1205,0.8956,0.8949,0.8964,0.8973,0.8965,0.8949,0.8949,0.8997,0.8997
1206,0.8899,0.89,0.8928,0.8892,0.8888,0.8867,0.8879,0.8908,0.8908
1207,0.8979,0.8947,0.8991,0.8967,0.8958,0.8922,0.8951,0.8971,0.8971
1208,0.8982,0.8974,0.8986,0.8982,0.8974,0.8954,0.8978,0.9011,0.9018
1209,0.8965,0.8965,0.8961,0.8957,0.8977,0.8965,0.8949,0.8981,0.901
